
===========================================================================
report_checks -unconstrained
===========================================================================
======================= max_ss_100C_1v60 Corner ===================================

Startpoint: rst_n (input port clocked by clk)
Endpoint: _28918_ (recovery check against rising-edge clock clk)
Path Group: asynchronous
Path Type: max

Fanout         Cap        Slew       Delay        Time   Description
---------------------------------------------------------------------------------------------
                                  0.000000    0.000000   clock clk (rise edge)
                                  0.000000    0.000000   clock network delay (propagated)
                                 10.000000   10.000000 ^ input external delay
     1    0.003805    0.038992    0.022218   10.022218 ^ rst_n (in)
                                                         rst_n (net)
                      0.038992    0.000000   10.022218 ^ fanout2962/A (sky130_fd_sc_hd__clkdlybuf4s25_1)
     1    0.001859    0.060866    0.457614   10.479833 ^ fanout2962/X (sky130_fd_sc_hd__clkdlybuf4s25_1)
                                                         net2962 (net)
                      0.060866    0.000091   10.479923 ^ place8909/A (sky130_fd_sc_hd__buf_2)
     3    0.114020    0.867557    0.790879   11.270802 ^ place8909/X (sky130_fd_sc_hd__buf_2)
                                                         net8909 (net)
                      0.867588    0.004644   11.275447 ^ place8908/A (sky130_fd_sc_hd__buf_2)
    10    0.094807    0.722827    0.995735   12.271182 ^ place8908/X (sky130_fd_sc_hd__buf_2)
                                                         net8908 (net)
                      0.722853    0.005327   12.276509 ^ place8886/A (sky130_fd_sc_hd__buf_2)
    10    0.047974    0.374917    0.699016   12.975525 ^ place8886/X (sky130_fd_sc_hd__buf_2)
                                                         net8886 (net)
                      0.375104    0.008149   12.983674 ^ place8885/A (sky130_fd_sc_hd__buf_2)
     9    0.066103    0.508664    0.672547   13.656220 ^ place8885/X (sky130_fd_sc_hd__buf_2)
                                                         net8885 (net)
                      0.509006    0.008299   13.664519 ^ place8884/A (sky130_fd_sc_hd__buf_2)
     8    0.049667    0.386502    0.633938   14.298458 ^ place8884/X (sky130_fd_sc_hd__buf_2)
                                                         net8884 (net)
                      0.387042    0.010724   14.309182 ^ place8822/A (sky130_fd_sc_hd__buf_2)
     8    0.035858    0.285474    0.509457   14.818639 ^ place8822/X (sky130_fd_sc_hd__buf_2)
                                                         net8822 (net)
                      0.285565    0.005063   14.823702 ^ place8821/A (sky130_fd_sc_hd__buf_2)
     8    0.085042    0.652356    0.729109   15.552811 ^ place8821/X (sky130_fd_sc_hd__buf_2)
                                                         net8821 (net)
                      0.653974    0.028066   15.580877 ^ place8820/A (sky130_fd_sc_hd__buf_2)
     8    0.047489    0.370885    0.678350   16.259228 ^ place8820/X (sky130_fd_sc_hd__buf_2)
                                                         net8820 (net)
                      0.370945    0.004999   16.264227 ^ place8803/A (sky130_fd_sc_hd__buf_2)
    10    0.082390    0.630585    0.757643   17.021870 ^ place8803/X (sky130_fd_sc_hd__buf_2)
                                                         net8803 (net)
                      0.630720    0.008113   17.029982 ^ place8802/A (sky130_fd_sc_hd__buf_2)
    10    0.064089    0.491305    0.759149   17.789131 ^ place8802/X (sky130_fd_sc_hd__buf_2)
                                                         net8802 (net)
                      0.491527    0.004153   17.793283 ^ place8797/A (sky130_fd_sc_hd__buf_2)
    10    0.063180    0.486920    0.702478   18.495762 ^ place8797/X (sky130_fd_sc_hd__buf_2)
                                                         net8797 (net)
                      0.486951    0.004473   18.500235 ^ place8796/A (sky130_fd_sc_hd__buf_2)
     8    0.037069    0.294668    0.557773   19.058008 ^ place8796/X (sky130_fd_sc_hd__buf_2)
                                                         net8796 (net)
                      0.294688    0.002791   19.060799 ^ place8795/A (sky130_fd_sc_hd__buf_2)
     8    0.034761    0.276727    0.466736   19.527534 ^ place8795/X (sky130_fd_sc_hd__buf_2)
                                                         net8795 (net)
                      0.276756    0.003064   19.530598 ^ _28918_/RESET_B (sky130_fd_sc_hd__dfrtp_2)
                                             19.530598   data arrival time

                                 50.000000   50.000000   clock clk (rise edge)
                                  0.000000   50.000000   clock source latency
     2    0.103267    0.742424    0.500524   50.500523 ^ clk (in)
                                                         clk (net)
                      0.742954    0.000000   50.500523 ^ clkbuf_0_clk/A (sky130_fd_sc_hd__clkbuf_16)
     8    0.209550    0.334737    0.652072   51.152596 ^ clkbuf_0_clk/X (sky130_fd_sc_hd__clkbuf_16)
                                                         clknet_0_clk (net)
                      0.340224    0.032475   51.185070 ^ clkbuf_3_5_0_clk/A (sky130_fd_sc_hd__clkbuf_8)
     8    0.144761    0.389268    0.549782   51.734852 ^ clkbuf_3_5_0_clk/X (sky130_fd_sc_hd__clkbuf_8)
                                                         clknet_3_5_0_clk (net)
                      0.390666    0.018186   51.753040 ^ clkbuf_6_40__f_clk/A (sky130_fd_sc_hd__clkbuf_16)
     6    0.058510    0.121184    0.387836   52.140873 ^ clkbuf_6_40__f_clk/X (sky130_fd_sc_hd__clkbuf_16)
                                                         clknet_6_40__leaf_clk (net)
                      0.121219    0.002004   52.142879 ^ clkbuf_leaf_276_clk/A (sky130_fd_sc_hd__clkbuf_8)
    10    0.032380    0.111362    0.272124   52.415001 ^ clkbuf_leaf_276_clk/X (sky130_fd_sc_hd__clkbuf_8)
                                                         clknet_leaf_276_clk (net)
                      0.111378    0.001268   52.416271 ^ _28918_/CLK (sky130_fd_sc_hd__dfrtp_2)
                                 -0.250000   52.166267   clock uncertainty
                                  0.000000   52.166267   clock reconvergence pessimism
                                  0.370266   52.536537   library recovery time
                                             52.536537   data required time
---------------------------------------------------------------------------------------------
                                             52.536537   data required time
                                            -19.530598   data arrival time
---------------------------------------------------------------------------------------------
                                             33.005939   slack (MET)


Startpoint: _28478_ (rising edge-triggered flip-flop clocked by clk)
Endpoint: _27316_ (rising edge-triggered flip-flop clocked by clk)
Path Group: clk
Path Type: max

Fanout         Cap        Slew       Delay        Time   Description
---------------------------------------------------------------------------------------------
                                  0.000000    0.000000   clock clk (rise edge)
                                  0.000000    0.000000   clock source latency
     2    0.103267    0.742424    0.553212    0.553212 ^ clk (in)
                                                         clk (net)
                      0.742954    0.000000    0.553212 ^ clkbuf_0_clk/A (sky130_fd_sc_hd__clkbuf_16)
     8    0.209550    0.334737    0.720710    1.273922 ^ clkbuf_0_clk/X (sky130_fd_sc_hd__clkbuf_16)
                                                         clknet_0_clk (net)
                      0.337170    0.024319    1.298241 ^ clkbuf_3_1_0_clk/A (sky130_fd_sc_hd__clkbuf_8)
     8    0.153390    0.410828    0.621360    1.919601 ^ clkbuf_3_1_0_clk/X (sky130_fd_sc_hd__clkbuf_8)
                                                         clknet_3_1_0_clk (net)
                      0.414191    0.031532    1.951133 ^ clkbuf_6_10__f_clk/A (sky130_fd_sc_hd__clkbuf_16)
     6    0.055021    0.116635    0.435474    2.386607 ^ clkbuf_6_10__f_clk/X (sky130_fd_sc_hd__clkbuf_16)
                                                         clknet_6_10__leaf_clk (net)
                      0.116642    0.001314    2.387921 ^ clkbuf_leaf_318_clk/A (sky130_fd_sc_hd__clkbuf_8)
    10    0.035558    0.118865    0.304274    2.692195 ^ clkbuf_leaf_318_clk/X (sky130_fd_sc_hd__clkbuf_8)
                                                         clknet_leaf_318_clk (net)
                      0.118895    0.001905    2.694100 ^ _28478_/CLK (sky130_fd_sc_hd__dfrtp_2)
     6    0.027743    0.181637    1.002845    3.696945 v _28478_/Q (sky130_fd_sc_hd__dfrtp_2)
                                                         soc.cpu.instr[2] (net)
                      0.181678    0.002813    3.699758 v _22992_/A (sky130_fd_sc_hd__or4bb_2)
     8    0.060737    0.504423    2.083630    5.783388 v _22992_/X (sky130_fd_sc_hd__or4bb_2)
                                                         _11374_ (net)
                      0.504520    0.006938    5.790326 v _23341_/B2 (sky130_fd_sc_hd__o22ai_4)
     6    0.046358    0.615612    0.682942    6.473269 ^ _23341_/Y (sky130_fd_sc_hd__o22ai_4)
                                                         _11723_ (net)
                      0.615765    0.008138    6.481407 ^ _23342_/S (sky130_fd_sc_hd__mux2_1)
     1    0.002335    0.106664    0.894273    7.375680 v _23342_/X (sky130_fd_sc_hd__mux2_1)
                                                         _11724_ (net)
                      0.106664    0.000163    7.375843 v _23343_/A1 (sky130_fd_sc_hd__mux2_1)
     2    0.024526    0.293179    0.926897    8.302740 v _23343_/X (sky130_fd_sc_hd__mux2_1)
                                                         _11725_ (net)
                      0.293181    0.001490    8.304231 v _23349_/S (sky130_fd_sc_hd__mux2_1)
     3    0.010534    0.184084    0.920204    9.224434 v _23349_/X (sky130_fd_sc_hd__mux2_1)
                                                         _11731_ (net)
                      0.184084    0.000572    9.225006 v _23468_/A1 (sky130_fd_sc_hd__a21bo_2)
     2    0.016796    0.123954    0.499687    9.724692 v _23468_/X (sky130_fd_sc_hd__a21bo_2)
                                                         _11850_ (net)
                      0.123957    0.000765    9.725457 v _23471_/A1 (sky130_fd_sc_hd__a21oi_2)
     2    0.015333    0.336026    0.392975   10.118433 ^ _23471_/Y (sky130_fd_sc_hd__a21oi_2)
                                                         _11853_ (net)
                      0.336036    0.001550   10.119983 ^ _23472_/A2 (sky130_fd_sc_hd__o21bai_2)
     3    0.017335    0.200982    0.301243   10.421225 v _23472_/Y (sky130_fd_sc_hd__o21bai_2)
                                                         _11854_ (net)
                      0.200982    0.000671   10.421896 v _23476_/B1 (sky130_fd_sc_hd__a221o_2)
     3    0.014008    0.150202    0.786354   11.208250 v _23476_/X (sky130_fd_sc_hd__a221o_2)
                                                         _11858_ (net)
                      0.150203    0.000770   11.209020 v _23479_/A3 (sky130_fd_sc_hd__a311o_2)
     4    0.016877    0.164647    0.895931   12.104951 v _23479_/X (sky130_fd_sc_hd__a311o_2)
                                                         _11861_ (net)
                      0.164655    0.001369   12.106319 v _23493_/C (sky130_fd_sc_hd__and4_2)
     3    0.022872    0.156684    0.645124   12.751444 v _23493_/X (sky130_fd_sc_hd__and4_2)
                                                         _11875_ (net)
                      0.156713    0.002191   12.753635 v _23696_/A (sky130_fd_sc_hd__or3_2)
     2    0.019680    0.260609    1.366494   14.120129 v _23696_/X (sky130_fd_sc_hd__or3_2)
                                                         _12078_ (net)
                      0.260609    0.002294   14.122423 v _23698_/A3 (sky130_fd_sc_hd__a32o_2)
     3    0.080873    0.364851    0.875637   14.998060 v _23698_/X (sky130_fd_sc_hd__a32o_2)
                                                         _12080_ (net)
                      0.365409    0.013399   15.011459 v _23725_/B (sky130_fd_sc_hd__xor2_2)
     1    0.003422    0.162395    0.390363   15.401822 v _23725_/X (sky130_fd_sc_hd__xor2_2)
                                                         _12107_ (net)
                      0.162396    0.000259   15.402081 v _23731_/B1 (sky130_fd_sc_hd__a2111o_2)
     1    0.008641    0.141373    0.973644   16.375727 v _23731_/X (sky130_fd_sc_hd__a2111o_2)
                                                         _12113_ (net)
                      0.141373    0.000542   16.376268 v _23732_/D (sky130_fd_sc_hd__or4_2)
     1    0.003980    0.223708    1.401538   17.777807 v _23732_/X (sky130_fd_sc_hd__or4_2)
                                                         _12114_ (net)
                      0.223708    0.000291   17.778097 v _23733_/D (sky130_fd_sc_hd__or4_2)
     1    0.005672    0.244377    1.462157   19.240253 v _23733_/X (sky130_fd_sc_hd__or4_2)
                                                         _12115_ (net)
                      0.244377    0.000423   19.240677 v _23734_/C1 (sky130_fd_sc_hd__a2111oi_2)
     1    0.003433    0.436622    0.571120   19.811798 ^ _23734_/Y (sky130_fd_sc_hd__a2111oi_2)
                                                         _12116_ (net)
                      0.436622    0.000236   19.812033 ^ _23735_/C1 (sky130_fd_sc_hd__o221a_2)
     1    0.002425    0.075365    0.524141   20.336174 ^ _23735_/X (sky130_fd_sc_hd__o221a_2)
                                                         _12117_ (net)
                      0.075365    0.000158   20.336332 ^ _23736_/D_N (sky130_fd_sc_hd__or4b_2)
     1    0.012084    0.281755    1.599064   21.935396 v _23736_/X (sky130_fd_sc_hd__or4b_2)
                                                         _12118_ (net)
                      0.281755    0.001334   21.936731 v _23737_/D1 (sky130_fd_sc_hd__a2111o_2)
     1    0.006490    0.131495    0.816915   22.753645 v _23737_/X (sky130_fd_sc_hd__a2111o_2)
                                                         _12119_ (net)
                      0.131495    0.000474   22.754120 v _23738_/D (sky130_fd_sc_hd__or4_2)
     1    0.011171    0.275537    1.505990   24.260109 v _23738_/X (sky130_fd_sc_hd__or4_2)
                                                         _12120_ (net)
                      0.275537    0.000741   24.260851 v _23740_/C1 (sky130_fd_sc_hd__a2111o_2)
     1    0.007144    0.134496    0.931031   25.191881 v _23740_/X (sky130_fd_sc_hd__a2111o_2)
                                                         _12122_ (net)
                      0.134496    0.000448   25.192329 v _23741_/A2 (sky130_fd_sc_hd__o21a_2)
     2    0.003745    0.062697    0.405883   25.598213 v _23741_/X (sky130_fd_sc_hd__o21a_2)
                                                         _12123_ (net)
                      0.062697    0.000142   25.598354 v _23746_/B (sky130_fd_sc_hd__or2_2)
     4    0.037028    0.264639    0.862361   26.460714 v _23746_/X (sky130_fd_sc_hd__or2_2)
                                                         _12128_ (net)
                      0.264748    0.005343   26.466059 v _25230_/A1 (sky130_fd_sc_hd__o22ai_2)
     1    0.009435    0.333262    0.433813   26.899872 ^ _25230_/Y (sky130_fd_sc_hd__o22ai_2)
                                                         _03605_ (net)
                      0.333262    0.000764   26.900635 ^ place7275/A (sky130_fd_sc_hd__buf_2)
     5    0.070079    0.536792    0.672637   27.573273 ^ place7275/X (sky130_fd_sc_hd__buf_2)
                                                         net7275 (net)
                      0.537355    0.015142   27.588413 ^ _25231_/B1 (sky130_fd_sc_hd__a31o_2)
     2    0.074106    0.647438    0.817989   28.406403 ^ _25231_/X (sky130_fd_sc_hd__a31o_2)
                                                         _03606_ (net)
                      0.648049    0.014060   28.420464 ^ _25235_/B (sky130_fd_sc_hd__nor2_2)
     3    0.021668    0.192437    0.346558   28.767021 v _25235_/Y (sky130_fd_sc_hd__nor2_2)
                                                         _03610_ (net)
                      0.192440    0.001153   28.768175 v _25326_/C (sky130_fd_sc_hd__and4_2)
     8    0.070515    0.328453    0.829253   29.597427 v _25326_/X (sky130_fd_sc_hd__and4_2)
                                                         _03701_ (net)
                      0.330199    0.018966   29.616394 v _25338_/B (sky130_fd_sc_hd__nand2_2)
     1    0.002925    0.138794    0.207327   29.823721 ^ _25338_/Y (sky130_fd_sc_hd__nand2_2)
                                                         _03713_ (net)
                      0.138794    0.000217   29.823938 ^ _25339_/B1 (sky130_fd_sc_hd__o211a_2)
     3    0.017096    0.191180    0.527173   30.351110 ^ _25339_/X (sky130_fd_sc_hd__o211a_2)
                                                         _03714_ (net)
                      0.191187    0.001517   30.352629 ^ place7103/A (sky130_fd_sc_hd__buf_2)
    10    0.040775    0.321325    0.454072   30.806700 ^ place7103/X (sky130_fd_sc_hd__buf_2)
                                                         net7103 (net)
                      0.321510    0.004601   30.811300 ^ place7102/A (sky130_fd_sc_hd__buf_2)
     8    0.039238    0.310168    0.502055   31.313356 ^ place7102/X (sky130_fd_sc_hd__buf_2)
                                                         net7102 (net)
                      0.310213    0.003944   31.317301 ^ place7101/A (sky130_fd_sc_hd__buf_2)
    10    0.048749    0.381004    0.549182   31.866482 ^ place7101/X (sky130_fd_sc_hd__buf_2)
                                                         net7101 (net)
                      0.381080    0.005517   31.872000 ^ _25674_/S (sky130_fd_sc_hd__mux2_1)
     2    0.006254    0.143469    0.889273   32.761272 v _25674_/X (sky130_fd_sc_hd__mux2_1)
                                                         _04045_ (net)
                      0.143469    0.000416   32.761688 v _25675_/A0 (sky130_fd_sc_hd__mux2_1)
     2    0.008169    0.160756    0.764128   33.525814 v _25675_/X (sky130_fd_sc_hd__mux2_1)
                                                         _04046_ (net)
                      0.160756    0.000625   33.526440 v _25676_/A0 (sky130_fd_sc_hd__mux2_1)
     3    0.028504    0.326264    0.957947   34.484386 v _25676_/X (sky130_fd_sc_hd__mux2_1)
                                                         _04047_ (net)
                      0.326271    0.002043   34.486431 v _25994_/A0 (sky130_fd_sc_hd__mux2_1)
     3    0.008740    0.166387    0.852683   35.339115 v _25994_/X (sky130_fd_sc_hd__mux2_1)
                                                         _04357_ (net)
                      0.166387    0.000501   35.339615 v _26582_/B (sky130_fd_sc_hd__or2_2)
     2    0.005765    0.129194    0.719805   36.059418 v _26582_/X (sky130_fd_sc_hd__or2_2)
                                                         _04929_ (net)
                      0.129194    0.000274   36.059692 v _26589_/B (sky130_fd_sc_hd__and3_2)
     2    0.080289    0.372289    0.767837   36.827530 v _26589_/X (sky130_fd_sc_hd__and3_2)
                                                         _04936_ (net)
                      0.373597    0.017074   36.844604 v _26606_/C (sky130_fd_sc_hd__or4_2)
     1    0.002727    0.212093    1.614858   38.459461 v _26606_/X (sky130_fd_sc_hd__or4_2)
                                                         _04953_ (net)
                      0.212093    0.000203   38.459663 v _26607_/A3 (sky130_fd_sc_hd__a31o_2)
     1    0.030385    0.175875    0.663597   39.123260 v _26607_/X (sky130_fd_sc_hd__a31o_2)
                                                         _04954_ (net)
                      0.176015    0.004732   39.127995 v _26611_/A2 (sky130_fd_sc_hd__o22a_2)
     6    0.140665    0.653701    0.984130   40.112125 v _26611_/X (sky130_fd_sc_hd__o22a_2)
                                                         _04958_ (net)
                      0.660649    0.057518   40.169643 v place7009/A (sky130_fd_sc_hd__buf_2)
    10    0.030342    0.153568    0.637304   40.806946 v place7009/X (sky130_fd_sc_hd__buf_2)
                                                         net7009 (net)
                      0.153592    0.002128   40.809074 v place7008/A (sky130_fd_sc_hd__buf_2)
     9    0.036901    0.176426    0.410438   41.219513 v place7008/X (sky130_fd_sc_hd__buf_2)
                                                         net7008 (net)
                      0.176645    0.005841   41.225353 v place7007/A (sky130_fd_sc_hd__buf_2)
     8    0.044871    0.209628    0.446729   41.672081 v place7007/X (sky130_fd_sc_hd__buf_2)
                                                         net7007 (net)
                      0.210037    0.008555   41.680637 v place7006/A (sky130_fd_sc_hd__buf_2)
     5    0.025841    0.132795    0.402842   42.083481 v place7006/X (sky130_fd_sc_hd__buf_2)
                                                         net7006 (net)
                      0.132903    0.003606   42.087086 v _13691_/A1 (sky130_fd_sc_hd__mux2_1)
     1    0.002057    0.103003    0.694186   42.781273 v _13691_/X (sky130_fd_sc_hd__mux2_1)
                                                         _00632_ (net)
                      0.103003    0.000153   42.781425 v _27316_/D (sky130_fd_sc_hd__dfxtp_2)
                                             42.781425   data arrival time

                                 50.000000   50.000000   clock clk (rise edge)
                                  0.000000   50.000000   clock source latency
     2    0.103267    0.742424    0.500524   50.500523 ^ clk (in)
                                                         clk (net)
                      0.742954    0.000000   50.500523 ^ clkbuf_0_clk/A (sky130_fd_sc_hd__clkbuf_16)
     8    0.209550    0.334737    0.652072   51.152596 ^ clkbuf_0_clk/X (sky130_fd_sc_hd__clkbuf_16)
                                                         clknet_0_clk (net)
                      0.340648    0.033666   51.186260 ^ clkbuf_3_7_0_clk/A (sky130_fd_sc_hd__clkbuf_8)
     8    0.140454    0.378190    0.543654   51.729916 ^ clkbuf_3_7_0_clk/X (sky130_fd_sc_hd__clkbuf_8)
                                                         clknet_3_7_0_clk (net)
                      0.379148    0.014911   51.744823 ^ clkbuf_6_59__f_clk/A (sky130_fd_sc_hd__clkbuf_16)
     6    0.044995    0.102854    0.369749   52.114574 ^ clkbuf_6_59__f_clk/X (sky130_fd_sc_hd__clkbuf_16)
                                                         clknet_6_59__leaf_clk (net)
                      0.103098    0.002583   52.117157 ^ clkbuf_leaf_196_clk/A (sky130_fd_sc_hd__clkbuf_8)
    12    0.035126    0.117864    0.269122   52.386276 ^ clkbuf_leaf_196_clk/X (sky130_fd_sc_hd__clkbuf_8)
                                                         clknet_leaf_196_clk (net)
                      0.117866    0.000778   52.387054 ^ _27316_/CLK (sky130_fd_sc_hd__dfxtp_2)
                                 -0.250000   52.137054   clock uncertainty
                                  0.121326   52.258381   clock reconvergence pessimism
                                 -0.275131   51.983246   library setup time
                                             51.983246   data required time
---------------------------------------------------------------------------------------------
                                             51.983246   data required time
                                            -42.781425   data arrival time
---------------------------------------------------------------------------------------------
                                              9.201823   slack (MET)




===========================================================================
report_checks --slack_max -0.01
============================================================================
======================= max_ss_100C_1v60 Corner ===================================

No paths found.


===========================================================================
 report_check_types -max_slew -max_cap -max_fanout -violators
============================================================================
======================= max_ss_100C_1v60 Corner ===================================

max slew

Pin                                        Limit        Slew       Slack
------------------------------------------------------------------------
_15176_/C1                              0.750000    4.200315   -3.450315 (VIOLATED)
_25584_/A_N                             0.750000    4.189264   -3.439264 (VIOLATED)
_25585_/A2                              0.750000    4.189097   -3.439097 (VIOLATED)
_25583_/Y                               0.750000    4.188866   -3.438866 (VIOLATED)
_26504_/A2                              0.750000    2.963624   -2.213624 (VIOLATED)
_26214_/A2                              0.750000    2.816026   -2.066026 (VIOLATED)
_26497_/X                               0.750000    2.800044   -2.050044 (VIOLATED)
_26205_/X                               0.750000    2.736122   -1.986122 (VIOLATED)
_15238_/B1                              0.750000    2.451129   -1.701129 (VIOLATED)
_25687_/A2                              0.750000    2.449169   -1.699169 (VIOLATED)
_25686_/A_N                             0.750000    2.449166   -1.699166 (VIOLATED)
_25685_/Y                               0.750000    2.449128   -1.699128 (VIOLATED)
_26548_/A2                              0.750000    1.954895   -1.204895 (VIOLATED)
_26570_/B1                              0.750000    1.954885   -1.204885 (VIOLATED)
_15759_/B1_N                            0.750000    1.939892   -1.189892 (VIOLATED)
_26547_/X                               0.750000    1.935655   -1.185655 (VIOLATED)
_24896_/A2                              0.750000    1.884989   -1.134989 (VIOLATED)
_23298_/A2                              0.750000    1.876452   -1.126452 (VIOLATED)
_19489_/A                               0.750000    1.876339   -1.126339 (VIOLATED)
_22420_/Y                               0.750000    1.876339   -1.126339 (VIOLATED)
_26181_/A2                              0.750000    1.451789   -0.701789 (VIOLATED)
_26210_/A_N                             0.750000    1.451787   -0.701787 (VIOLATED)
_15528_/A                               0.750000    1.451742   -0.701742 (VIOLATED)
_26180_/Y                               0.750000    1.451679   -0.701679 (VIOLATED)
_26243_/A2                              0.750000    1.445272   -0.695272 (VIOLATED)
_26232_/A2                              0.750000    1.445232   -0.695232 (VIOLATED)
_26229_/Y                               0.750000    1.445205   -0.695205 (VIOLATED)
_23607_/B1                              0.750000    1.342567   -0.592567 (VIOLATED)
ANTENNA_290/DIODE                       0.750000    1.342556   -0.592556 (VIOLATED)
_26521_/B                               0.750000    1.342557   -0.592557 (VIOLATED)
_23606_/B1                              0.750000    1.342397   -0.592397 (VIOLATED)
_23605_/X                               0.750000    1.342326   -0.592326 (VIOLATED)
_21819_/A1                              0.750000    1.326364   -0.576364 (VIOLATED)
_21975_/A1                              0.750000    1.326231   -0.576231 (VIOLATED)
_20900_/B2                              0.750000    1.326176   -0.576176 (VIOLATED)
_22118_/A0                              0.750000    1.326115   -0.576115 (VIOLATED)
_22082_/A0                              0.750000    1.325024   -0.575024 (VIOLATED)
_20861_/A1                              0.750000    1.324746   -0.574746 (VIOLATED)
_21108_/A0                              0.750000    1.324550   -0.574550 (VIOLATED)
_20941_/A0                              0.750000    1.324474   -0.574475 (VIOLATED)
ANTENNA_197/DIODE                       0.750000    1.323241   -0.573241 (VIOLATED)
ANTENNA_194/DIODE                       0.750000    1.323222   -0.573222 (VIOLATED)
ANTENNA_192/DIODE                       0.750000    1.323203   -0.573203 (VIOLATED)
_21472_/A                               0.750000    1.323170   -0.573170 (VIOLATED)
ANTENNA_193/DIODE                       0.750000    1.322739   -0.572739 (VIOLATED)
ANTENNA_195/DIODE                       0.750000    1.322345   -0.572345 (VIOLATED)
ANTENNA_196/DIODE                       0.750000    1.322327   -0.572327 (VIOLATED)
ANTENNA_198/DIODE                       0.750000    1.322309   -0.572309 (VIOLATED)
_21805_/A0                              0.750000    1.321805   -0.571805 (VIOLATED)
ANTENNA_203/DIODE                       0.750000    1.321803   -0.571804 (VIOLATED)
ANTENNA_205/DIODE                       0.750000    1.321792   -0.571792 (VIOLATED)
_22078_/A0                              0.750000    1.321792   -0.571792 (VIOLATED)
_21957_/A1                              0.750000    1.321755   -0.571755 (VIOLATED)
ANTENNA_204/DIODE                       0.750000    1.321752   -0.571752 (VIOLATED)
_20896_/B2                              0.750000    1.321605   -0.571605 (VIOLATED)
ANTENNA_200/DIODE                       0.750000    1.321594   -0.571594 (VIOLATED)
ANTENNA_206/DIODE                       0.750000    1.321586   -0.571586 (VIOLATED)
_22114_/A0                              0.750000    1.321586   -0.571586 (VIOLATED)
ANTENNA_199/DIODE                       0.750000    1.321572   -0.571572 (VIOLATED)
_20853_/A1                              0.750000    1.321568   -0.571568 (VIOLATED)
_20912_/A0                              0.750000    1.321269   -0.571269 (VIOLATED)
ANTENNA_201/DIODE                       0.750000    1.321046   -0.571046 (VIOLATED)
_21104_/A0                              0.750000    1.320847   -0.570847 (VIOLATED)
ANTENNA_202/DIODE                       0.750000    1.320260   -0.570260 (VIOLATED)
_21473_/A                               0.750000    1.320250   -0.570250 (VIOLATED)
place8198/X                             0.750000    1.319761   -0.569761 (VIOLATED)
place8194/X                             0.750000    1.317629   -0.567630 (VIOLATED)
_24722_/B                               0.750000    1.295885   -0.545885 (VIOLATED)
_25970_/A2                              0.750000    1.295431   -0.545431 (VIOLATED)
_23491_/A                               0.750000    1.291466   -0.541466 (VIOLATED)
_23274_/B                               0.750000    1.291181   -0.541181 (VIOLATED)
_19316_/A                               0.750000    1.289222   -0.539222 (VIOLATED)
_19638_/B2                              0.750000    1.289194   -0.539194 (VIOLATED)
ANTENNA_289/DIODE                       0.750000    1.289191   -0.539191 (VIOLATED)
_22429_/Y                               0.750000    1.289030   -0.539030 (VIOLATED)
_26268_/A2                              0.750000    1.279138   -0.529138 (VIOLATED)
_26265_/A1                              0.750000    1.279120   -0.529120 (VIOLATED)
_26262_/Y                               0.750000    1.279098   -0.529098 (VIOLATED)
_15924_/A1                              0.750000    1.278150   -0.528150 (VIOLATED)
_15923_/A1                              0.750000    1.278144   -0.528144 (VIOLATED)
ANTENNA_368/DIODE                       0.750000    1.277722   -0.527722 (VIOLATED)
_25345_/A1                              0.750000    1.277623   -0.527623 (VIOLATED)
place8531/A                             0.750000    1.277106   -0.527106 (VIOLATED)
ANTENNA_339/DIODE                       0.750000    1.277105   -0.527105 (VIOLATED)
ANTENNA_338/DIODE                       0.750000    1.276848   -0.526848 (VIOLATED)
_15233_/A                               0.750000    1.276796   -0.526796 (VIOLATED)
_15232_/A                               0.750000    1.276788   -0.526788 (VIOLATED)
_15234_/A                               0.750000    1.276785   -0.526785 (VIOLATED)
_23383_/D                               0.750000    1.276785   -0.526785 (VIOLATED)
place8532/X                             0.750000    1.276610   -0.526610 (VIOLATED)
_24791_/A2                              0.750000    1.264431   -0.514432 (VIOLATED)
_26110_/S                               0.750000    1.264299   -0.514299 (VIOLATED)
_23708_/B2                              0.750000    1.264000   -0.514000 (VIOLATED)
_23284_/A2                              0.750000    1.263206   -0.513206 (VIOLATED)
_19323_/A                               0.750000    1.263089   -0.513089 (VIOLATED)
_22426_/Y                               0.750000    1.262960   -0.512960 (VIOLATED)
_20083_/A1                              0.750000    1.260935   -0.510935 (VIOLATED)
_14559_/A1                              0.750000    1.260926   -0.510926 (VIOLATED)
_14525_/A1                              0.750000    1.260921   -0.510921 (VIOLATED)
_19807_/A1                              0.750000    1.260878   -0.510878 (VIOLATED)
_14621_/A1                              0.750000    1.260743   -0.510743 (VIOLATED)
_22316_/A1                              0.750000    1.260707   -0.510707 (VIOLATED)
_24874_/C                               0.750000    1.260574   -0.510574 (VIOLATED)
_23642_/B1                              0.750000    1.259620   -0.509620 (VIOLATED)
_23643_/B1                              0.750000    1.259620   -0.509620 (VIOLATED)
_26062_/B                               0.750000    1.259609   -0.509609 (VIOLATED)
_23641_/Y                               0.750000    1.259568   -0.509568 (VIOLATED)
_24873_/X                               0.750000    1.259038   -0.509038 (VIOLATED)
ANTENNA_168/DIODE                       0.750000    1.253592   -0.503592 (VIOLATED)
place7037/A                             0.750000    1.253581   -0.503581 (VIOLATED)
_13399_/A0                              0.750000    1.253577   -0.503577 (VIOLATED)
ANTENNA_177/DIODE                       0.750000    1.253560   -0.503560 (VIOLATED)
_13900_/A1                              0.750000    1.253506   -0.503506 (VIOLATED)
ANTENNA_172/DIODE                       0.750000    1.253504   -0.503504 (VIOLATED)
_13967_/A0                              0.750000    1.253469   -0.503470 (VIOLATED)
ANTENNA_174/DIODE                       0.750000    1.253424   -0.503424 (VIOLATED)
_13801_/A0                              0.750000    1.253376   -0.503376 (VIOLATED)
ANTENNA_171/DIODE                       0.750000    1.253364   -0.503364 (VIOLATED)
_13934_/A0                              0.750000    1.253343   -0.503343 (VIOLATED)
ANTENNA_173/DIODE                       0.750000    1.253183   -0.503183 (VIOLATED)
ANTENNA_169/DIODE                       0.750000    1.252793   -0.502793 (VIOLATED)
_13566_/A0                              0.750000    1.252644   -0.502644 (VIOLATED)
_14298_/A0                              0.750000    1.252414   -0.502414 (VIOLATED)
ANTENNA_176/DIODE                       0.750000    1.252219   -0.502219 (VIOLATED)
_13599_/A1                              0.750000    1.252056   -0.502056 (VIOLATED)
ANTENNA_170/DIODE                       0.750000    1.252033   -0.502033 (VIOLATED)
ANTENNA_175/DIODE                       0.750000    1.251720   -0.501720 (VIOLATED)
_14265_/A0                              0.750000    1.251700   -0.501700 (VIOLATED)
_26041_/A2                              0.750000    1.251635   -0.501635 (VIOLATED)
_26038_/A1                              0.750000    1.251615   -0.501615 (VIOLATED)
_26035_/Y                               0.750000    1.251587   -0.501587 (VIOLATED)
_21809_/A1                              0.750000    1.247510   -0.497510 (VIOLATED)
_22079_/A0                              0.750000    1.247510   -0.497510 (VIOLATED)
_20897_/B2                              0.750000    1.247447   -0.497448 (VIOLATED)
_20855_/A1                              0.750000    1.247348   -0.497348 (VIOLATED)
_21962_/A1                              0.750000    1.247215   -0.497215 (VIOLATED)
_22115_/A0                              0.750000    1.246832   -0.496832 (VIOLATED)
_20920_/A2                              0.750000    1.245851   -0.495851 (VIOLATED)
_21105_/A0                              0.750000    1.245406   -0.495406 (VIOLATED)
_21473_/B                               0.750000    1.244734   -0.494734 (VIOLATED)
_20890_/B2                              0.750000    1.244089   -0.494089 (VIOLATED)
_20873_/A1                              0.750000    1.244051   -0.494050 (VIOLATED)
_21925_/A1                              0.750000    1.243985   -0.493985 (VIOLATED)
ANTENNA_284/DIODE                       0.750000    1.243816   -0.493816 (VIOLATED)
_22107_/A0                              0.750000    1.243648   -0.493648 (VIOLATED)
_21778_/A1                              0.750000    1.243425   -0.493426 (VIOLATED)
ANTENNA_282/DIODE                       0.750000    1.243423   -0.493423 (VIOLATED)
_20927_/A1                              0.750000    1.243294   -0.493294 (VIOLATED)
ANTENNA_281/DIODE                       0.750000    1.243290   -0.493290 (VIOLATED)
place7038/X                             0.750000    1.243163   -0.493163 (VIOLATED)
ANTENNA_283/DIODE                       0.750000    1.243146   -0.493146 (VIOLATED)
_22071_/A0                              0.750000    1.243146   -0.493146 (VIOLATED)
_21084_/C                               0.750000    1.242801   -0.492801 (VIOLATED)
place8197/X                             0.750000    1.241855   -0.491855 (VIOLATED)
_20872_/X                               0.750000    1.239058   -0.489058 (VIOLATED)
_24740_/C                               0.750000    1.238243   -0.488243 (VIOLATED)
ANTENNA_138/DIODE                       0.750000    1.238241   -0.488241 (VIOLATED)
ANTENNA_137/DIODE                       0.750000    1.238239   -0.488239 (VIOLATED)
_24573_/B                               0.750000    1.238239   -0.488239 (VIOLATED)
ANTENNA_136/DIODE                       0.750000    1.238065   -0.488065 (VIOLATED)
_24496_/A2                              0.750000    1.238055   -0.488055 (VIOLATED)
_24571_/B                               0.750000    1.238049   -0.488049 (VIOLATED)
_24500_/B                               0.750000    1.238048   -0.488048 (VIOLATED)
_24558_/A                               0.750000    1.238036   -0.488036 (VIOLATED)
_21821_/A                               0.750000    1.238023   -0.488023 (VIOLATED)
_24490_/Y                               0.750000    1.238007   -0.488007 (VIOLATED)
_22083_/A0                              0.750000    1.237968   -0.487968 (VIOLATED)
_20901_/B2                              0.750000    1.237824   -0.487824 (VIOLATED)
_21980_/A1                              0.750000    1.237691   -0.487691 (VIOLATED)
ANTENNA_190/DIODE                       0.750000    1.237666   -0.487666 (VIOLATED)
_20863_/A1                              0.750000    1.237286   -0.487286 (VIOLATED)
_22119_/A0                              0.750000    1.236830   -0.486830 (VIOLATED)
ANTENNA_191/DIODE                       0.750000    1.236539   -0.486539 (VIOLATED)
ANTENNA_189/DIODE                       0.750000    1.235177   -0.485177 (VIOLATED)
_20948_/A0                              0.750000    1.234935   -0.484935 (VIOLATED)
_21109_/A0                              0.750000    1.234651   -0.484651 (VIOLATED)
_21472_/B                               0.750000    1.233468   -0.483468 (VIOLATED)
place7074/A                             0.750000    1.232344   -0.482344 (VIOLATED)
ANTENNA_35/DIODE                        0.750000    1.232325   -0.482325 (VIOLATED)
place7072/A                             0.750000    1.232304   -0.482304 (VIOLATED)
ANTENNA_34/DIODE                        0.750000    1.232284   -0.482284 (VIOLATED)
_13504_/A0                              0.750000    1.232059   -0.482059 (VIOLATED)
ANTENNA_29/DIODE                        0.750000    1.231976   -0.481976 (VIOLATED)
ANTENNA_30/DIODE                        0.750000    1.231897   -0.481897 (VIOLATED)
_13805_/A0                              0.750000    1.231897   -0.481897 (VIOLATED)
_13838_/A0                              0.750000    1.231704   -0.481704 (VIOLATED)
ANTENNA_31/DIODE                        0.750000    1.231685   -0.481685 (VIOLATED)
place8193/X                             0.750000    1.230987   -0.480987 (VIOLATED)
ANTENNA_32/DIODE                        0.750000    1.229791   -0.479791 (VIOLATED)
_13871_/A0                              0.750000    1.229778   -0.479778 (VIOLATED)
ANTENNA_33/DIODE                        0.750000    1.229720   -0.479721 (VIOLATED)
_13904_/A1                              0.750000    1.229719   -0.479719 (VIOLATED)
_25880_/X                               0.750000    1.222893   -0.472893 (VIOLATED)
place7068/A                             0.750000    1.200613   -0.450613 (VIOLATED)
ANTENNA_40/DIODE                        0.750000    1.200593   -0.450593 (VIOLATED)
_13874_/A0                              0.750000    1.200585   -0.450585 (VIOLATED)
ANTENNA_38/DIODE                        0.750000    1.200579   -0.450579 (VIOLATED)
ANTENNA_39/DIODE                        0.750000    1.200542   -0.450543 (VIOLATED)
_13907_/A1                              0.750000    1.200489   -0.450489 (VIOLATED)
place7067/A                             0.750000    1.200426   -0.450426 (VIOLATED)
ANTENNA_41/DIODE                        0.750000    1.200346   -0.450346 (VIOLATED)
place7066/A                             0.750000    1.200097   -0.450097 (VIOLATED)
ANTENNA_42/DIODE                        0.750000    1.199985   -0.449985 (VIOLATED)
_21774_/A1                              0.750000    1.199723   -0.449723 (VIOLATED)
_21920_/A1                              0.750000    1.199691   -0.449691 (VIOLATED)
_22070_/A0                              0.750000    1.199397   -0.449397 (VIOLATED)
_22106_/A0                              0.750000    1.199194   -0.449194 (VIOLATED)
_20889_/B2                              0.750000    1.198830   -0.448830 (VIOLATED)
_24278_/B1                              0.750000    1.198824   -0.448824 (VIOLATED)
ANTENNA_133/DIODE                       0.750000    1.198823   -0.448823 (VIOLATED)
_24277_/Y                               0.750000    1.198668   -0.448668 (VIOLATED)
_20871_/A1                              0.750000    1.198238   -0.448238 (VIOLATED)
_20919_/B                               0.750000    1.196596   -0.446596 (VIOLATED)
_21084_/B                               0.750000    1.194278   -0.444278 (VIOLATED)
_25979_/X                               0.750000    1.190204   -0.440204 (VIOLATED)
place8189/X                             0.750000    1.189142   -0.439142 (VIOLATED)
_15889_/A1                              0.750000    1.181485   -0.431485 (VIOLATED)
_26246_/A1                              0.750000    1.181394   -0.431394 (VIOLATED)
_25592_/A1                              0.750000    1.181384   -0.431384 (VIOLATED)
_17185_/A0                              0.750000    1.181353   -0.431353 (VIOLATED)
_17244_/A                               0.750000    1.180667   -0.430667 (VIOLATED)
_17243_/A                               0.750000    1.180662   -0.430662 (VIOLATED)
_17333_/C_N                             0.750000    1.180661   -0.430661 (VIOLATED)
_17539_/B2                              0.750000    1.180658   -0.430658 (VIOLATED)
_15914_/A_N                             0.750000    1.180614   -0.430614 (VIOLATED)
_14652_/B2                              0.750000    1.180609   -0.430609 (VIOLATED)
_28175_/Q                               0.750000    1.180604   -0.430604 (VIOLATED)
_26314_/A2                              0.750000    1.177840   -0.427840 (VIOLATED)
_26299_/A1                              0.750000    1.177684   -0.427684 (VIOLATED)
_26296_/Y                               0.750000    1.177622   -0.427622 (VIOLATED)
_21915_/A1                              0.750000    1.173916   -0.423916 (VIOLATED)
_20888_/B2                              0.750000    1.173848   -0.423848 (VIOLATED)
_20869_/A1                              0.750000    1.173582   -0.423582 (VIOLATED)
_21768_/A1                              0.750000    1.173571   -0.423571 (VIOLATED)
_20912_/A1                              0.750000    1.173446   -0.423446 (VIOLATED)
_22069_/A0                              0.750000    1.173372   -0.423372 (VIOLATED)
ANTENNA_188/DIODE                       0.750000    1.173128   -0.423128 (VIOLATED)
_22105_/A0                              0.750000    1.173110   -0.423110 (VIOLATED)
_23624_/B1                              0.750000    1.173083   -0.423083 (VIOLATED)
_26324_/B                               0.750000    1.173080   -0.423080 (VIOLATED)
_23623_/Y                               0.750000    1.173039   -0.423039 (VIOLATED)
_21084_/A                               0.750000    1.172645   -0.422645 (VIOLATED)
ANTENNA_187/DIODE                       0.750000    1.172643   -0.422643 (VIOLATED)
_26350_/A2                              0.750000    1.171171   -0.421171 (VIOLATED)
_26338_/A2                              0.750000    1.171092   -0.421092 (VIOLATED)
_26334_/Y                               0.750000    1.171061   -0.421061 (VIOLATED)
place8190/X                             0.750000    1.170465   -0.420465 (VIOLATED)
_20012_/A0                              0.750000    1.165281   -0.415281 (VIOLATED)
ANTENNA_74/DIODE                        0.750000    1.165280   -0.415280 (VIOLATED)
_15702_/A2                              0.750000    1.165181   -0.415181 (VIOLATED)
_17701_/A1                              0.750000    1.165174   -0.415174 (VIOLATED)
_15699_/Y                               0.750000    1.165153   -0.415153 (VIOLATED)
_14535_/A0                              0.750000    1.163020   -0.413020 (VIOLATED)
_14569_/A0                              0.750000    1.163007   -0.413007 (VIOLATED)
_20093_/A0                              0.750000    1.162912   -0.412912 (VIOLATED)
_19817_/A0                              0.750000    1.162847   -0.412847 (VIOLATED)
_14622_/A0                              0.750000    1.162613   -0.412613 (VIOLATED)
_24995_/B                               0.750000    1.162568   -0.412568 (VIOLATED)
ANTENNA_155/DIODE                       0.750000    1.162559   -0.412559 (VIOLATED)
_15224_/A                               0.750000    1.161739   -0.411739 (VIOLATED)
_24994_/X                               0.750000    1.161678   -0.411678 (VIOLATED)
_19930_/A0                              0.750000    1.161640   -0.411640 (VIOLATED)
_15472_/A0                              0.750000    1.154500   -0.404500 (VIOLATED)
_17691_/A1                              0.750000    1.154470   -0.404470 (VIOLATED)
_19950_/A0                              0.750000    1.154470   -0.404470 (VIOLATED)
_15470_/Y                               0.750000    1.154356   -0.404356 (VIOLATED)
place7015/A                             0.750000    1.151938   -0.401938 (VIOLATED)
_13384_/A1                              0.750000    1.151927   -0.401927 (VIOLATED)
_13418_/A0                              0.750000    1.151920   -0.401920 (VIOLATED)
_13719_/A0                              0.750000    1.151917   -0.401917 (VIOLATED)
_14118_/A1                              0.750000    1.151914   -0.401914 (VIOLATED)
_13686_/A1                              0.750000    1.151876   -0.401876 (VIOLATED)
_14019_/A1                              0.750000    1.151804   -0.401804 (VIOLATED)
ANTENNA_254/DIODE                       0.750000    1.151753   -0.401753 (VIOLATED)
_26430_/X                               0.750000    1.150614   -0.400614 (VIOLATED)
_17713_/A1                              0.750000    1.149188   -0.399188 (VIOLATED)
_25210_/A1                              0.750000    1.149062   -0.399062 (VIOLATED)
_15882_/A0                              0.750000    1.148930   -0.398930 (VIOLATED)
_25954_/B                               0.750000    1.148849   -0.398849 (VIOLATED)
_23650_/B1                              0.750000    1.148847   -0.398847 (VIOLATED)
_23649_/Y                               0.750000    1.148819   -0.398819 (VIOLATED)
place8553/X                             0.750000    1.148786   -0.398786 (VIOLATED)
_20898_/B2                              0.750000    1.148359   -0.398359 (VIOLATED)
_21813_/A1                              0.750000    1.148328   -0.398328 (VIOLATED)
_20927_/A0                              0.750000    1.148315   -0.398315 (VIOLATED)
_20857_/A1                              0.750000    1.148309   -0.398309 (VIOLATED)
_22080_/A0                              0.750000    1.148265   -0.398265 (VIOLATED)
_22116_/A0                              0.750000    1.148254   -0.398254 (VIOLATED)
_21966_/A1                              0.750000    1.148183   -0.398183 (VIOLATED)
_21106_/A0                              0.750000    1.148020   -0.398020 (VIOLATED)
_21473_/C                               0.750000    1.147674   -0.397674 (VIOLATED)
place8196/X                             0.750000    1.145923   -0.395923 (VIOLATED)
_14190_/A1                              0.750000    1.143846   -0.393846 (VIOLATED)
ANTENNA_62/DIODE                        0.750000    1.143827   -0.393827 (VIOLATED)
_14157_/A1                              0.750000    1.143792   -0.393792 (VIOLATED)
ANTENNA_61/DIODE                        0.750000    1.143751   -0.393751 (VIOLATED)
place7009/A                             0.750000    1.141736   -0.391736 (VIOLATED)
ANTENNA_63/DIODE                        0.750000    1.141724   -0.391724 (VIOLATED)
_26611_/X                               0.750000    1.137771   -0.387771 (VIOLATED)
_19381_/A0                              0.750000    1.135510   -0.385510 (VIOLATED)
_23555_/A1                              0.750000    1.135342   -0.385342 (VIOLATED)
_19571_/A0                              0.750000    1.135289   -0.385289 (VIOLATED)
place6993/A                             0.750000    1.135158   -0.385158 (VIOLATED)
ANTENNA_66/DIODE                        0.750000    1.135155   -0.385155 (VIOLATED)
ANTENNA_65/DIODE                        0.750000    1.135153   -0.385153 (VIOLATED)
_13892_/A0                              0.750000    1.135153   -0.385153 (VIOLATED)
_26645_/X                               0.750000    1.134916   -0.384916 (VIOLATED)
_24313_/A                               0.750000    1.134743   -0.384743 (VIOLATED)
_17926_/A                               0.750000    1.134731   -0.384731 (VIOLATED)
_17927_/A1                              0.750000    1.134731   -0.384731 (VIOLATED)
_17159_/A0                              0.750000    1.134408   -0.384408 (VIOLATED)
_17094_/A0                              0.750000    1.134395   -0.384396 (VIOLATED)
_17802_/A1                              0.750000    1.134307   -0.384307 (VIOLATED)
_26441_/A1                              0.750000    1.134275   -0.384275 (VIOLATED)
place8415/X                             0.750000    1.134228   -0.384228 (VIOLATED)
_24835_/C                               0.750000    1.132509   -0.382509 (VIOLATED)
_19804_/A1                              0.750000    1.132449   -0.382449 (VIOLATED)
_19631_/B1_N                            0.750000    1.132333   -0.382333 (VIOLATED)
_19315_/B1                              0.750000    1.132325   -0.382325 (VIOLATED)
_19473_/C1                              0.750000    1.132314   -0.382314 (VIOLATED)
_19314_/Y                               0.750000    1.132262   -0.382262 (VIOLATED)
_20080_/A1                              0.750000    1.132149   -0.382149 (VIOLATED)
_14522_/A1                              0.750000    1.131999   -0.381999 (VIOLATED)
_14556_/A1                              0.750000    1.131786   -0.381786 (VIOLATED)
_14618_/A1                              0.750000    1.130368   -0.380368 (VIOLATED)
_19764_/A0                              0.750000    1.130068   -0.380068 (VIOLATED)
_24834_/X                               0.750000    1.128188   -0.378188 (VIOLATED)
_15347_/A1                              0.750000    1.124071   -0.374071 (VIOLATED)
_15323_/A                               0.750000    1.124061   -0.374061 (VIOLATED)
_15354_/B1                              0.750000    1.124048   -0.374048 (VIOLATED)
place8525/A                             0.750000    1.123987   -0.373987 (VIOLATED)
_24492_/B1                              0.750000    1.120893   -0.370893 (VIOLATED)
_24956_/A2                              0.750000    1.119953   -0.369953 (VIOLATED)
_25392_/B2                              0.750000    1.119741   -0.369741 (VIOLATED)
_19713_/A                               0.750000    1.119715   -0.369715 (VIOLATED)
_26605_/S                               0.750000    1.119714   -0.369714 (VIOLATED)
_24489_/A                               0.750000    1.119713   -0.369713 (VIOLATED)
_25871_/A1                              0.750000    1.119697   -0.369698 (VIOLATED)
_25870_/A1                              0.750000    1.119678   -0.369678 (VIOLATED)
_22996_/A                               0.750000    1.119536   -0.369536 (VIOLATED)
_23582_/A1_N                            0.750000    1.119424   -0.369424 (VIOLATED)
_22414_/Y                               0.750000    1.119337   -0.369337 (VIOLATED)
_15899_/A0                              0.750000    1.118624   -0.368624 (VIOLATED)
place8526/X                             0.750000    1.118542   -0.368542 (VIOLATED)
_21936_/A1                              0.750000    1.117866   -0.367866 (VIOLATED)
_21788_/A1                              0.750000    1.117717   -0.367717 (VIOLATED)
_22073_/A0                              0.750000    1.117683   -0.367683 (VIOLATED)
_22109_/A0                              0.750000    1.117453   -0.367453 (VIOLATED)
_20892_/B2                              0.750000    1.117256   -0.367256 (VIOLATED)
_20877_/A1                              0.750000    1.116523   -0.366523 (VIOLATED)
_20941_/A1                              0.750000    1.115950   -0.365950 (VIOLATED)
_23599_/B1                              0.750000    1.114048   -0.364048 (VIOLATED)
_26547_/B                               0.750000    1.114044   -0.364044 (VIOLATED)
_23598_/Y                               0.750000    1.113924   -0.363924 (VIOLATED)
_19329_/B1                              0.750000    1.113661   -0.363661 (VIOLATED)
_19483_/C1                              0.750000    1.113408   -0.363408 (VIOLATED)
_19328_/Y                               0.750000    1.113394   -0.363394 (VIOLATED)
_21083_/A                               0.750000    1.113215   -0.363215 (VIOLATED)
place8187/X                             0.750000    1.109055   -0.359055 (VIOLATED)
_20038_/S                               0.750000    1.108489   -0.358489 (VIOLATED)
place7857/A                             0.750000    1.108483   -0.358483 (VIOLATED)
place7856/A                             0.750000    1.108246   -0.358246 (VIOLATED)
_19914_/B                               0.750000    1.108162   -0.358162 (VIOLATED)
_19867_/A2                              0.750000    1.107994   -0.357994 (VIOLATED)
_23390_/B1                              0.750000    1.107784   -0.357784 (VIOLATED)
_24436_/A1                              0.750000    1.107608   -0.357608 (VIOLATED)
_23157_/Y                               0.750000    1.107391   -0.357391 (VIOLATED)
_22382_/A                               0.750000    1.103586   -0.353586 (VIOLATED)
_25260_/A                               0.750000    1.103583   -0.353583 (VIOLATED)
_25261_/A                               0.750000    1.103553   -0.353553 (VIOLATED)
_26023_/B2                              0.750000    1.103550   -0.353550 (VIOLATED)
place8520/A                             0.750000    1.103366   -0.353366 (VIOLATED)
_25832_/B                               0.750000    1.103332   -0.353332 (VIOLATED)
_23384_/C                               0.750000    1.103218   -0.353218 (VIOLATED)
_25800_/Y                               0.750000    1.103213   -0.353213 (VIOLATED)
_25938_/A1                              0.750000    1.103072   -0.353072 (VIOLATED)
_25939_/A1                              0.750000    1.102458   -0.352458 (VIOLATED)
_19371_/A0                              0.750000    1.101324   -0.351324 (VIOLATED)
ANTENNA_214/DIODE                       0.750000    1.101318   -0.351318 (VIOLATED)
_19551_/A0                              0.750000    1.101246   -0.351246 (VIOLATED)
ANTENNA_215/DIODE                       0.750000    1.101245   -0.351245 (VIOLATED)
_17782_/A1                              0.750000    1.100995   -0.350995 (VIOLATED)
_26070_/A0                              0.750000    1.100975   -0.350975 (VIOLATED)
_17886_/A                               0.750000    1.100933   -0.350933 (VIOLATED)
_17885_/A                               0.750000    1.100929   -0.350929 (VIOLATED)
_24305_/A                               0.750000    1.100869   -0.350869 (VIOLATED)
_17149_/A0                              0.750000    1.100807   -0.350807 (VIOLATED)
_17084_/A0                              0.750000    1.100754   -0.350754 (VIOLATED)
place8425/X                             0.750000    1.100733   -0.350733 (VIOLATED)
_17133_/A0                              0.750000    1.100067   -0.350067 (VIOLATED)
_15901_/A0                              0.750000    1.100007   -0.350007 (VIOLATED)
place8521/X                             0.750000    1.099981   -0.349981 (VIOLATED)
_13565_/A0                              0.750000    1.099033   -0.349033 (VIOLATED)
ANTENNA_23/DIODE                        0.750000    1.099031   -0.349031 (VIOLATED)
ANTENNA_22/DIODE                        0.750000    1.099023   -0.349023 (VIOLATED)
_13532_/A0                              0.750000    1.098985   -0.348986 (VIOLATED)
_13499_/A0                              0.750000    1.098966   -0.348966 (VIOLATED)
ANTENNA_21/DIODE                        0.750000    1.098958   -0.348958 (VIOLATED)
place7084/A                             0.750000    1.098914   -0.348914 (VIOLATED)
ANTENNA_25/DIODE                        0.750000    1.098911   -0.348911 (VIOLATED)
_13632_/A1                              0.750000    1.098716   -0.348716 (VIOLATED)
ANTENNA_24/DIODE                        0.750000    1.098578   -0.348578 (VIOLATED)
_25744_/C                               0.750000    1.098510   -0.348510 (VIOLATED)
_25734_/B1                              0.750000    1.098507   -0.348507 (VIOLATED)
_25732_/Y                               0.750000    1.098490   -0.348490 (VIOLATED)
_21826_/A1                              0.750000    1.098407   -0.348407 (VIOLATED)
_13431_/A0                              0.750000    1.098365   -0.348365 (VIOLATED)
_22084_/A0                              0.750000    1.098358   -0.348358 (VIOLATED)
_21984_/A1                              0.750000    1.098248   -0.348248 (VIOLATED)
ANTENNA_19/DIODE                        0.750000    1.098202   -0.348202 (VIOLATED)
_22120_/A0                              0.750000    1.098101   -0.348102 (VIOLATED)
_20902_/B2                              0.750000    1.098090   -0.348090 (VIOLATED)
_21110_/A0                              0.750000    1.097985   -0.347985 (VIOLATED)
_20865_/A1                              0.750000    1.097889   -0.347889 (VIOLATED)
_13464_/A0                              0.750000    1.097829   -0.347829 (VIOLATED)
ANTENNA_20/DIODE                        0.750000    1.097806   -0.347806 (VIOLATED)
_20955_/A0                              0.750000    1.097484   -0.347484 (VIOLATED)
_21472_/C                               0.750000    1.096687   -0.346687 (VIOLATED)
place8192/X                             0.750000    1.096523   -0.346523 (VIOLATED)
place7090/A                             0.750000    1.095194   -0.345194 (VIOLATED)
_13931_/A0                              0.750000    1.095165   -0.345165 (VIOLATED)
_13964_/A0                              0.750000    1.095159   -0.345159 (VIOLATED)
place7089/A                             0.750000    1.095132   -0.345132 (VIOLATED)
_14063_/A0                              0.750000    1.095112   -0.345112 (VIOLATED)
_13864_/A0                              0.750000    1.095081   -0.345081 (VIOLATED)
_13897_/A1                              0.750000    1.095042   -0.345042 (VIOLATED)
_13831_/A0                              0.750000    1.094925   -0.344925 (VIOLATED)
_13798_/A0                              0.750000    1.094886   -0.344886 (VIOLATED)
_25535_/X                               0.750000    1.094354   -0.344354 (VIOLATED)
_25656_/X                               0.750000    1.091391   -0.341391 (VIOLATED)
_23619_/B1                              0.750000    1.090374   -0.340374 (VIOLATED)
_26398_/B                               0.750000    1.090372   -0.340372 (VIOLATED)
_23618_/X                               0.750000    1.090339   -0.340339 (VIOLATED)
_19799_/A1                              0.750000    1.088983   -0.338983 (VIOLATED)
ANTENNA_245/DIODE                       0.750000    1.088979   -0.338979 (VIOLATED)
_20075_/A1                              0.750000    1.088944   -0.338944 (VIOLATED)
ANTENNA_246/DIODE                       0.750000    1.088943   -0.338943 (VIOLATED)
ANTENNA_242/DIODE                       0.750000    1.088924   -0.338924 (VIOLATED)
_24764_/C                               0.750000    1.088923   -0.338923 (VIOLATED)
_14551_/A1                              0.750000    1.088922   -0.338922 (VIOLATED)
_23708_/A2_N                            0.750000    1.088911   -0.338911 (VIOLATED)
ANTENNA_113/DIODE                       0.750000    1.088910   -0.338910 (VIOLATED)
_26119_/B                               0.750000    1.088901   -0.338901 (VIOLATED)
_23707_/Y                               0.750000    1.088843   -0.338843 (VIOLATED)
ANTENNA_241/DIODE                       0.750000    1.088631   -0.338631 (VIOLATED)
_22313_/A1                              0.750000    1.088621   -0.338621 (VIOLATED)
_14517_/A1                              0.750000    1.088503   -0.338503 (VIOLATED)
_14613_/A1                              0.750000    1.086677   -0.336677 (VIOLATED)
_26575_/A1                              0.750000    1.086540   -0.336540 (VIOLATED)
ANTENNA_244/DIODE                       0.750000    1.086307   -0.336307 (VIOLATED)
_26567_/X                               0.750000    1.085518   -0.335518 (VIOLATED)
_24920_/A2                              0.750000    1.084507   -0.334507 (VIOLATED)
_19699_/A                               0.750000    1.084104   -0.334104 (VIOLATED)
_26474_/A1                              0.750000    1.083932   -0.333932 (VIOLATED)
_21791_/A0                              0.750000    1.083678   -0.333678 (VIOLATED)
_22074_/A0                              0.750000    1.083645   -0.333645 (VIOLATED)
_23305_/A2                              0.750000    1.083643   -0.333643 (VIOLATED)
_21941_/A1                              0.750000    1.083610   -0.333610 (VIOLATED)
_22110_/A0                              0.750000    1.083389   -0.333389 (VIOLATED)
_22418_/Y                               0.750000    1.083352   -0.333352 (VIOLATED)
_20893_/B2                              0.750000    1.083262   -0.333262 (VIOLATED)
_20879_/A1                              0.750000    1.083144   -0.333144 (VIOLATED)
_20948_/A1                              0.750000    1.082803   -0.332804 (VIOLATED)
ANTENNA_243/DIODE                       0.750000    1.081354   -0.331354 (VIOLATED)
_14595_/A1                              0.750000    1.081049   -0.331049 (VIOLATED)
_21083_/B                               0.750000    1.080568   -0.330568 (VIOLATED)
place7485/X                             0.750000    1.078414   -0.328414 (VIOLATED)
place8186/X                             0.750000    1.077580   -0.327580 (VIOLATED)
place6999/A                             0.750000    1.077375   -0.327375 (VIOLATED)
_14215_/A1                              0.750000    1.077359   -0.327359 (VIOLATED)
_14149_/A1                              0.750000    1.077345   -0.327345 (VIOLATED)
_14248_/A1                              0.750000    1.077319   -0.327319 (VIOLATED)
_14016_/A1                              0.750000    1.077304   -0.327304 (VIOLATED)
_14115_/A1                              0.750000    1.077267   -0.327267 (VIOLATED)
place6997/A                             0.750000    1.077224   -0.327224 (VIOLATED)
_14616_/A1                              0.750000    1.077195   -0.327195 (VIOLATED)
_14182_/A1                              0.750000    1.077163   -0.327163 (VIOLATED)
_20078_/A1                              0.750000    1.077048   -0.327048 (VIOLATED)
_14554_/A1                              0.750000    1.077012   -0.327012 (VIOLATED)
_14520_/A1                              0.750000    1.077012   -0.327012 (VIOLATED)
_13448_/A0                              0.750000    1.076983   -0.326983 (VIOLATED)
_19802_/A1                              0.750000    1.076977   -0.326977 (VIOLATED)
_24806_/C                               0.750000    1.076567   -0.326567 (VIOLATED)
_23309_/A                               0.750000    1.076216   -0.326216 (VIOLATED)
_23327_/A2                              0.750000    1.076208   -0.326208 (VIOLATED)
_23317_/A1                              0.750000    1.076200   -0.326200 (VIOLATED)
_26319_/X                               0.750000    1.076124   -0.326124 (VIOLATED)
_23310_/A2                              0.750000    1.076116   -0.326116 (VIOLATED)
_23285_/Y                               0.750000    1.076030   -0.326031 (VIOLATED)
_24805_/X                               0.750000    1.075384   -0.325384 (VIOLATED)
_14111_/A1                              0.750000    1.073126   -0.323126 (VIOLATED)
_13578_/A0                              0.750000    1.073116   -0.323116 (VIOLATED)
place7002/A                             0.750000    1.073100   -0.323100 (VIOLATED)
_13846_/A0                              0.750000    1.073092   -0.323092 (VIOLATED)
_14277_/A0                              0.750000    1.073090   -0.323090 (VIOLATED)
_26175_/X                               0.750000    1.072552   -0.322552 (VIOLATED)
_20894_/B2                              0.750000    1.069806   -0.319806 (VIOLATED)
_20881_/A1                              0.750000    1.069779   -0.319779 (VIOLATED)
_21797_/A_N                             0.750000    1.069683   -0.319683 (VIOLATED)
_22075_/A0                              0.750000    1.069665   -0.319665 (VIOLATED)
_21947_/A1                              0.750000    1.069656   -0.319656 (VIOLATED)
_22111_/A0                              0.750000    1.069638   -0.319638 (VIOLATED)
_20955_/A1                              0.750000    1.069637   -0.319637 (VIOLATED)
_21083_/C                               0.750000    1.069264   -0.319264 (VIOLATED)
_20000_/A0                              0.750000    1.068818   -0.318819 (VIOLATED)
place8185/X                             0.750000    1.068813   -0.318813 (VIOLATED)
_15657_/A2                              0.750000    1.068810   -0.318810 (VIOLATED)
_17699_/A1                              0.750000    1.068808   -0.318808 (VIOLATED)
_15654_/Y                               0.750000    1.068787   -0.318787 (VIOLATED)
place7028/A                             0.750000    1.068146   -0.318147 (VIOLATED)
_13445_/A0                              0.750000    1.068146   -0.318146 (VIOLATED)
_14311_/A0                              0.750000    1.068141   -0.318141 (VIOLATED)
_14278_/A0                              0.750000    1.068141   -0.318141 (VIOLATED)
_26215_/A0                              0.750000    1.068138   -0.318138 (VIOLATED)
place7027/A                             0.750000    1.068108   -0.318108 (VIOLATED)
_13412_/A0                              0.750000    1.068010   -0.318010 (VIOLATED)
_26642_/B1                              0.750000    1.067355   -0.317355 (VIOLATED)
_25538_/A2                              0.750000    1.067354   -0.317354 (VIOLATED)
_25868_/A2                              0.750000    1.067347   -0.317347 (VIOLATED)
_25784_/A2                              0.750000    1.067341   -0.317341 (VIOLATED)
_25887_/B1                              0.750000    1.067276   -0.317276 (VIOLATED)
_17113_/B1                              0.750000    1.067265   -0.317265 (VIOLATED)
_25228_/A4                              0.750000    1.067252   -0.317252 (VIOLATED)
_26276_/B1                              0.750000    1.067252   -0.317252 (VIOLATED)
_25411_/B1                              0.750000    1.067252   -0.317252 (VIOLATED)
_26214_/X                               0.750000    1.067224   -0.317224 (VIOLATED)
_25227_/X                               0.750000    1.067220   -0.317220 (VIOLATED)
_15512_/A                               0.750000    1.067140   -0.317140 (VIOLATED)
place8518/A                             0.750000    1.067112   -0.317112 (VIOLATED)
_15484_/A                               0.750000    1.067091   -0.317091 (VIOLATED)
_15483_/A                               0.750000    1.067076   -0.317076 (VIOLATED)
place7054/A                             0.750000    1.066699   -0.316699 (VIOLATED)
_14110_/A1                              0.750000    1.066683   -0.316683 (VIOLATED)
_14011_/A1                              0.750000    1.066660   -0.316660 (VIOLATED)
place7053/A                             0.750000    1.066626   -0.316626 (VIOLATED)
_13644_/A1                              0.750000    1.066605   -0.316605 (VIOLATED)
_20054_/A1                              0.750000    1.066604   -0.316604 (VIOLATED)
place7052/A                             0.750000    1.066487   -0.316488 (VIOLATED)
place8513/A                             0.750000    1.066443   -0.316443 (VIOLATED)
_24495_/A2                              0.750000    1.066403   -0.316403 (VIOLATED)
_23775_/A3                              0.750000    1.066393   -0.316393 (VIOLATED)
_26137_/X                               0.750000    1.066011   -0.316011 (VIOLATED)
_15902_/A0                              0.750000    1.065890   -0.315890 (VIOLATED)
place8519/X                             0.750000    1.065875   -0.315875 (VIOLATED)
_19016_/B1                              0.750000    1.065304   -0.315304 (VIOLATED)
_19014_/Y                               0.750000    1.065094   -0.315094 (VIOLATED)
_23624_/A1                              0.750000    1.060328   -0.310328 (VIOLATED)
place8464/A                             0.750000    1.059748   -0.309748 (VIOLATED)
_25352_/C                               0.750000    1.059221   -0.309221 (VIOLATED)
_26336_/A2                              0.750000    1.059113   -0.309113 (VIOLATED)
_26335_/C                               0.750000    1.059009   -0.309009 (VIOLATED)
_19086_/B1                              0.750000    1.057779   -0.307779 (VIOLATED)
_19084_/Y                               0.750000    1.057692   -0.307692 (VIOLATED)
_18944_/A1                              0.750000    1.057394   -0.307394 (VIOLATED)
_19684_/A1                              0.750000    1.057387   -0.307387 (VIOLATED)
_19333_/A                               0.750000    1.057385   -0.307385 (VIOLATED)
_19686_/A1                              0.750000    1.057360   -0.307360 (VIOLATED)
place8465/X                             0.750000    1.057285   -0.307285 (VIOLATED)
_13927_/A1                              0.750000    1.052030   -0.302031 (VIOLATED)
_13861_/A0                              0.750000    1.052023   -0.302023 (VIOLATED)
place7005/A                             0.750000    1.052022   -0.302022 (VIOLATED)
_13828_/A0                              0.750000    1.052016   -0.302016 (VIOLATED)
_13894_/A0                              0.750000    1.052007   -0.302007 (VIOLATED)
_14325_/A0                              0.750000    1.051988   -0.301988 (VIOLATED)
_14292_/A0                              0.750000    1.051976   -0.301976 (VIOLATED)
_13660_/A1                              0.750000    1.051943   -0.301943 (VIOLATED)
_26714_/X                               0.750000    1.051388   -0.301388 (VIOLATED)
_21475_/D                               0.750000    1.050480   -0.300480 (VIOLATED)
place8199/A                             0.750000    1.050480   -0.300480 (VIOLATED)
ANTENNA_92/DIODE                        0.750000    1.050478   -0.300478 (VIOLATED)
ANTENNA_93/DIODE                        0.750000    1.050478   -0.300478 (VIOLATED)
_20850_/X                               0.750000    1.050349   -0.300349 (VIOLATED)
_15887_/A1                              0.750000    1.047303   -0.297304 (VIOLATED)
ANTENNA_229/DIODE                       0.750000    1.047303   -0.297303 (VIOLATED)
ANTENNA_232/DIODE                       0.750000    1.047121   -0.297121 (VIOLATED)
_26173_/A1                              0.750000    1.047114   -0.297114 (VIOLATED)
_17183_/A0                              0.750000    1.046962   -0.296962 (VIOLATED)
ANTENNA_230/DIODE                       0.750000    1.046941   -0.296941 (VIOLATED)
_25433_/B2                              0.750000    1.046914   -0.296914 (VIOLATED)
ANTENNA_231/DIODE                       0.750000    1.046913   -0.296913 (VIOLATED)
_17524_/B2                              0.750000    1.046880   -0.296880 (VIOLATED)
_15908_/A_N                             0.750000    1.046867   -0.296867 (VIOLATED)
_14650_/B2                              0.750000    1.046839   -0.296839 (VIOLATED)
place8590/X                             0.750000    1.046774   -0.296774 (VIOLATED)
_25305_/A1                              0.750000    1.046686   -0.296686 (VIOLATED)
_23681_/B2                              0.750000    1.046533   -0.296533 (VIOLATED)
_25517_/A                               0.750000    1.046499   -0.296499 (VIOLATED)
_19589_/A                               0.750000    1.046186   -0.296186 (VIOLATED)
_19297_/A                               0.750000    1.046185   -0.296185 (VIOLATED)
_22390_/Y                               0.750000    1.046039   -0.296039 (VIOLATED)
_25282_/A0                              0.750000    1.045525   -0.295525 (VIOLATED)
ANTENNA_333/DIODE                       0.750000    1.045523   -0.295523 (VIOLATED)
_25240_/A0                              0.750000    1.045217   -0.295217 (VIOLATED)
ANTENNA_366/DIODE                       0.750000    1.045217   -0.295217 (VIOLATED)
_25647_/A                               0.750000    1.045169   -0.295169 (VIOLATED)
_25648_/A1                              0.750000    1.045167   -0.295167 (VIOLATED)
_17138_/A0                              0.750000    1.045061   -0.295061 (VIOLATED)
_17073_/A0                              0.750000    1.045057   -0.295057 (VIOLATED)
_25633_/A0                              0.750000    1.044987   -0.294987 (VIOLATED)
_17759_/B2                              0.750000    1.044668   -0.294668 (VIOLATED)
place8439/X                             0.750000    1.044585   -0.294585 (VIOLATED)
_25318_/A1                              0.750000    1.036856   -0.286856 (VIOLATED)
_23656_/A1                              0.750000    1.036671   -0.286671 (VIOLATED)
place8487/A                             0.750000    1.036517   -0.286517 (VIOLATED)
_23240_/A                               0.750000    1.036417   -0.286417 (VIOLATED)
_23239_/A                               0.750000    1.036289   -0.286289 (VIOLATED)
_25479_/A0                              0.750000    1.036236   -0.286236 (VIOLATED)
_25271_/A1                              0.750000    1.036235   -0.286235 (VIOLATED)
_23276_/B                               0.750000    1.036156   -0.286156 (VIOLATED)
_23483_/A                               0.750000    1.036124   -0.286124 (VIOLATED)
place8488/X                             0.750000    1.036086   -0.286086 (VIOLATED)
_23352_/B                               0.750000    1.035678   -0.285678 (VIOLATED)
_23354_/A1                              0.750000    1.035675   -0.285675 (VIOLATED)
_23402_/A                               0.750000    1.035637   -0.285637 (VIOLATED)
place7957/A                             0.750000    1.035571   -0.285571 (VIOLATED)
_24451_/B                               0.750000    1.035405   -0.285405 (VIOLATED)
_23337_/Y                               0.750000    1.035324   -0.285324 (VIOLATED)
_23676_/A1                              0.750000    1.034072   -0.284072 (VIOLATED)
_23957_/A1                              0.750000    1.033915   -0.283915 (VIOLATED)
place8502/A                             0.750000    1.033832   -0.283832 (VIOLATED)
_23267_/B                               0.750000    1.033791   -0.283791 (VIOLATED)
_19301_/A                               0.750000    1.033736   -0.283736 (VIOLATED)
_23714_/A3                              0.750000    1.033735   -0.283735 (VIOLATED)
_23713_/B                               0.750000    1.033733   -0.283733 (VIOLATED)
_23712_/Y                               0.750000    1.033616   -0.283616 (VIOLATED)
_19598_/A                               0.750000    1.033581   -0.283581 (VIOLATED)
_19601_/B                               0.750000    1.033567   -0.283568 (VIOLATED)
_16061_/A0                              0.750000    1.033547   -0.283547 (VIOLATED)
_18363_/A1                              0.750000    1.033541   -0.283541 (VIOLATED)
_25633_/A1                              0.750000    1.033444   -0.283444 (VIOLATED)
place8503/X                             0.750000    1.033444   -0.283444 (VIOLATED)
_13758_/S                               0.750000    1.032546   -0.282546 (VIOLATED)
place7236/A                             0.750000    1.032437   -0.282437 (VIOLATED)
_13743_/S                               0.750000    1.032216   -0.282216 (VIOLATED)
_13732_/S                               0.750000    1.032155   -0.282155 (VIOLATED)
_13754_/S                               0.750000    1.031955   -0.281955 (VIOLATED)
_13729_/S                               0.750000    1.031937   -0.281937 (VIOLATED)
_13751_/S                               0.750000    1.031898   -0.281898 (VIOLATED)
_20928_/A0                              0.750000    1.031874   -0.281874 (VIOLATED)
_19972_/A1                              0.750000    1.031861   -0.281861 (VIOLATED)
_22841_/A                               0.750000    1.031734   -0.281734 (VIOLATED)
_13731_/S                               0.750000    1.031632   -0.281632 (VIOLATED)
place8151/A                             0.750000    1.031519   -0.281519 (VIOLATED)
_13741_/S                               0.750000    1.031418   -0.281418 (VIOLATED)
_22150_/A1                              0.750000    1.031321   -0.281321 (VIOLATED)
_22168_/A1                              0.750000    1.031213   -0.281213 (VIOLATED)
place7237/X                             0.750000    1.030880   -0.280880 (VIOLATED)
_24231_/A0                              0.750000    1.030839   -0.280839 (VIOLATED)
_24822_/A1                              0.750000    1.030815   -0.280815 (VIOLATED)
_22159_/A1                              0.750000    1.030776   -0.280776 (VIOLATED)
_22186_/A0                              0.750000    1.030681   -0.280681 (VIOLATED)
_15548_/A1                              0.750000    1.030557   -0.280557 (VIOLATED)
place8569/X                             0.750000    1.030523   -0.280523 (VIOLATED)
_22177_/A0                              0.750000    1.030382   -0.280382 (VIOLATED)
place8152/X                             0.750000    1.030014   -0.280014 (VIOLATED)
_23594_/B1                              0.750000    1.026798   -0.276798 (VIOLATED)
_26650_/B                               0.750000    1.026783   -0.276783 (VIOLATED)
_23593_/Y                               0.750000    1.026573   -0.276573 (VIOLATED)
_14501_/A0                              0.750000    1.022996   -0.272996 (VIOLATED)
_25361_/A1                              0.750000    1.022957   -0.272957 (VIOLATED)
_17116_/B                               0.750000    1.022907   -0.272907 (VIOLATED)
_25418_/A2                              0.750000    1.022844   -0.272844 (VIOLATED)
_23685_/A1                              0.750000    1.022841   -0.272841 (VIOLATED)
_25398_/A2                              0.750000    1.022840   -0.272840 (VIOLATED)
_25274_/A0                              0.750000    1.022793   -0.272793 (VIOLATED)
place8508/A                             0.750000    1.022770   -0.272770 (VIOLATED)
_23318_/A2                              0.750000    1.022757   -0.272757 (VIOLATED)
place8509/X                             0.750000    1.022725   -0.272725 (VIOLATED)
_26559_/A1                              0.750000    1.021826   -0.271826 (VIOLATED)
_17808_/B2                              0.750000    1.021805   -0.271805 (VIOLATED)
_17162_/A0                              0.750000    1.021795   -0.271795 (VIOLATED)
_19384_/A0                              0.750000    1.021724   -0.271724 (VIOLATED)
ANTENNA_210/DIODE                       0.750000    1.021720   -0.271720 (VIOLATED)
_17940_/A1                              0.750000    1.021693   -0.271693 (VIOLATED)
_17939_/A                               0.750000    1.021690   -0.271691 (VIOLATED)
_24315_/A                               0.750000    1.021687   -0.271687 (VIOLATED)
ANTENNA_211/DIODE                       0.750000    1.021684   -0.271684 (VIOLATED)
_19577_/A0                              0.750000    1.021682   -0.271682 (VIOLATED)
_17097_/A0                              0.750000    1.021630   -0.271630 (VIOLATED)
_26550_/A0                              0.750000    1.021590   -0.271590 (VIOLATED)
place8412/X                             0.750000    1.021483   -0.271483 (VIOLATED)
_19765_/A1                              0.750000    1.019068   -0.269068 (VIOLATED)
_14619_/A1                              0.750000    1.019047   -0.269047 (VIOLATED)
_20081_/A1                              0.750000    1.018871   -0.268871 (VIOLATED)
_19805_/A1                              0.750000    1.018853   -0.268853 (VIOLATED)
_14523_/A1                              0.750000    1.018831   -0.268831 (VIOLATED)
_14557_/A1                              0.750000    1.018377   -0.268377 (VIOLATED)
ANTENNA_307/DIODE                       0.750000    1.018377   -0.268377 (VIOLATED)
_24848_/C                               0.750000    1.017805   -0.267805 (VIOLATED)
_24847_/X                               0.750000    1.016603   -0.266604 (VIOLATED)
_26337_/A1                              0.750000    1.015287   -0.265287 (VIOLATED)
_26336_/A1                              0.750000    1.015284   -0.265284 (VIOLATED)
_26335_/B                               0.750000    1.015278   -0.265278 (VIOLATED)
_19565_/A0                              0.750000    1.014880   -0.264880 (VIOLATED)
_26326_/A0                              0.750000    1.014773   -0.264773 (VIOLATED)
_17796_/B2                              0.750000    1.014603   -0.264604 (VIOLATED)
_17156_/A0                              0.750000    1.014591   -0.264591 (VIOLATED)
_17091_/A0                              0.750000    1.014219   -0.264219 (VIOLATED)
_19378_/A0                              0.750000    1.014138   -0.264138 (VIOLATED)
place8418/X                             0.750000    1.013988   -0.263988 (VIOLATED)
_25305_/A0                              0.750000    1.009900   -0.259900 (VIOLATED)
_14059_/A0                              0.750000    1.009842   -0.259842 (VIOLATED)
place6987/A                             0.750000    1.009841   -0.259841 (VIOLATED)
place6989/A                             0.750000    1.009840   -0.259840 (VIOLATED)
_13592_/A0                              0.750000    1.009833   -0.259833 (VIOLATED)
_13625_/A1                              0.750000    1.009802   -0.259802 (VIOLATED)
_23683_/A                               0.750000    1.009796   -0.259796 (VIOLATED)
_25399_/S                               0.750000    1.009785   -0.259785 (VIOLATED)
_14092_/A0                              0.750000    1.009772   -0.259772 (VIOLATED)
_23263_/A2                              0.750000    1.009704   -0.259704 (VIOLATED)
_19589_/B                               0.750000    1.009526   -0.259526 (VIOLATED)
_22438_/Y                               0.750000    1.009466   -0.259466 (VIOLATED)
_14524_/A0                              0.750000    1.009401   -0.259401 (VIOLATED)
_20082_/A0                              0.750000    1.009315   -0.259316 (VIOLATED)
_14558_/A0                              0.750000    1.009291   -0.259291 (VIOLATED)
_24861_/C                               0.750000    1.009287   -0.259287 (VIOLATED)
_19806_/A0                              0.750000    1.009159   -0.259159 (VIOLATED)
ANTENNA_149/DIODE                       0.750000    1.009149   -0.259149 (VIOLATED)
_14620_/A0                              0.750000    1.008827   -0.258828 (VIOLATED)
_19280_/A0                              0.750000    1.008453   -0.258453 (VIOLATED)
ANTENNA_150/DIODE                       0.750000    1.008334   -0.258334 (VIOLATED)
_17714_/A0                              0.750000    1.008172   -0.258172 (VIOLATED)
_22315_/A0                              0.750000    1.008165   -0.258165 (VIOLATED)
_17105_/A2                              0.750000    1.008153   -0.258153 (VIOLATED)
_26680_/X                               0.750000    1.007999   -0.257999 (VIOLATED)
_23312_/B                               0.750000    1.007710   -0.257710 (VIOLATED)
place8552/A                             0.750000    1.007709   -0.257709 (VIOLATED)
_23311_/B                               0.750000    1.007704   -0.257704 (VIOLATED)
_23161_/C                               0.750000    1.007700   -0.257700 (VIOLATED)
_23160_/C                               0.750000    1.007649   -0.257649 (VIOLATED)
_15883_/A0                              0.750000    1.007435   -0.257435 (VIOLATED)
_15167_/A1                              0.750000    1.007431   -0.257431 (VIOLATED)
_15168_/A1                              0.750000    1.007430   -0.257430 (VIOLATED)
_28488_/Q                               0.750000    1.007398   -0.257398 (VIOLATED)
_23159_/A1                              0.750000    1.007374   -0.257374 (VIOLATED)
_23764_/A1                              0.750000    1.007374   -0.257374 (VIOLATED)
_23157_/A                               0.750000    1.007372   -0.257372 (VIOLATED)
_22406_/A                               0.750000    1.007370   -0.257370 (VIOLATED)
_23156_/A                               0.750000    1.007370   -0.257370 (VIOLATED)
_24434_/B                               0.750000    1.007366   -0.257366 (VIOLATED)
_14672_/A1                              0.750000    1.007192   -0.257192 (VIOLATED)
_28189_/Q                               0.750000    1.007179   -0.257179 (VIOLATED)
_24860_/X                               0.750000    1.006982   -0.256982 (VIOLATED)
place7080/A                             0.750000    1.006417   -0.256417 (VIOLATED)
place7078/A                             0.750000    1.006412   -0.256412 (VIOLATED)
_13869_/A0                              0.750000    1.006402   -0.256402 (VIOLATED)
_13902_/A1                              0.750000    1.006402   -0.256402 (VIOLATED)
_25795_/X                               0.750000    1.005862   -0.255862 (VIOLATED)
place8539/A                             0.750000    1.002561   -0.252561 (VIOLATED)
_25244_/A1                              0.750000    1.002400   -0.252400 (VIOLATED)
ANTENNA_361/DIODE                       0.750000    1.002399   -0.252399 (VIOLATED)
_23372_/B                               0.750000    1.002234   -0.252234 (VIOLATED)
_24531_/B                               0.750000    1.002234   -0.252234 (VIOLATED)
_25401_/A1                              0.750000    1.002176   -0.252176 (VIOLATED)
_23373_/B                               0.750000    1.002028   -0.252028 (VIOLATED)
ANTENNA_319/DIODE                       0.750000    1.001408   -0.251408 (VIOLATED)
_23342_/A1                              0.750000    1.001265   -0.251265 (VIOLATED)
_15891_/A0                              0.750000    1.000712   -0.250712 (VIOLATED)
_22393_/A                               0.750000    1.000655   -0.250655 (VIOLATED)
_15907_/A0                              0.750000    1.000655   -0.250655 (VIOLATED)
_28496_/Q                               0.750000    1.000629   -0.250629 (VIOLATED)
_19994_/A0                              0.750000    1.000093   -0.250093 (VIOLATED)
_15637_/A2                              0.750000    1.000085   -0.250085 (VIOLATED)
_17698_/A1                              0.750000    1.000082   -0.250082 (VIOLATED)
_15634_/Y                               0.750000    1.000046   -0.250046 (VIOLATED)
_17153_/A0                              0.750000    0.998369   -0.248369 (VIOLATED)
_17901_/A1                              0.750000    0.998348   -0.248348 (VIOLATED)
_17900_/A                               0.750000    0.998336   -0.248336 (VIOLATED)
_24309_/A                               0.750000    0.998304   -0.248305 (VIOLATED)
_19375_/A0                              0.750000    0.998019   -0.248019 (VIOLATED)
_17790_/B2                              0.750000    0.997838   -0.247838 (VIOLATED)
_17088_/A0                              0.750000    0.997821   -0.247821 (VIOLATED)
_26221_/A0                              0.750000    0.997817   -0.247817 (VIOLATED)
_19559_/A0                              0.750000    0.997773   -0.247773 (VIOLATED)
_23291_/A                               0.750000    0.997599   -0.247599 (VIOLATED)
place8421/X                             0.750000    0.997538   -0.247538 (VIOLATED)
_14611_/A1                              0.750000    0.996413   -0.246413 (VIOLATED)
ANTENNA_140/DIODE                       0.750000    0.996409   -0.246409 (VIOLATED)
_19797_/A1                              0.750000    0.996044   -0.246044 (VIOLATED)
_14549_/A0                              0.750000    0.995993   -0.245993 (VIOLATED)
_14515_/A1                              0.750000    0.995975   -0.245975 (VIOLATED)
_24735_/C                               0.750000    0.995772   -0.245772 (VIOLATED)
_15799_/B2                              0.750000    0.995737   -0.245737 (VIOLATED)
place7333/A                             0.750000    0.995694   -0.245694 (VIOLATED)
_15640_/B2                              0.750000    0.995641   -0.245641 (VIOLATED)
_15615_/B2                              0.750000    0.995615   -0.245615 (VIOLATED)
_15338_/B2                              0.750000    0.995308   -0.245308 (VIOLATED)
_14423_/A1                              0.750000    0.995172   -0.245172 (VIOLATED)
_20073_/A1                              0.750000    0.995161   -0.245161 (VIOLATED)
_15428_/B2                              0.750000    0.994948   -0.244948 (VIOLATED)
_24734_/X                               0.750000    0.994612   -0.244612 (VIOLATED)
_15216_/B2                              0.750000    0.994144   -0.244144 (VIOLATED)
_15190_/B2                              0.750000    0.993893   -0.243893 (VIOLATED)
place7337/A                             0.750000    0.991693   -0.241693 (VIOLATED)
_25230_/B2                              0.750000    0.990950   -0.240950 (VIOLATED)
place7338/X                             0.750000    0.990394   -0.240394 (VIOLATED)
_19803_/A1                              0.750000    0.989971   -0.239971 (VIOLATED)
_20079_/A1                              0.750000    0.989928   -0.239928 (VIOLATED)
ANTENNA_147/DIODE                       0.750000    0.989927   -0.239927 (VIOLATED)
_14555_/A1                              0.750000    0.989919   -0.239919 (VIOLATED)
ANTENNA_146/DIODE                       0.750000    0.989919   -0.239919 (VIOLATED)
_14521_/A1                              0.750000    0.989868   -0.239868 (VIOLATED)
ANTENNA_145/DIODE                       0.750000    0.989867   -0.239867 (VIOLATED)
_24821_/C                               0.750000    0.989686   -0.239686 (VIOLATED)
ANTENNA_148/DIODE                       0.750000    0.989676   -0.239676 (VIOLATED)
_14617_/A1                              0.750000    0.989458   -0.239458 (VIOLATED)
_22307_/A1                              0.750000    0.988928   -0.238928 (VIOLATED)
place8028/A                             0.750000    0.988419   -0.238419 (VIOLATED)
_16383_/A1                              0.750000    0.988418   -0.238418 (VIOLATED)
_15933_/B                               0.750000    0.988412   -0.238412 (VIOLATED)
_15916_/Y                               0.750000    0.988304   -0.238304 (VIOLATED)
_17763_/A1                              0.750000    0.987880   -0.237880 (VIOLATED)
ANTENNA_217/DIODE                       0.750000    0.987879   -0.237879 (VIOLATED)
_23250_/A_N                             0.750000    0.987735   -0.237735 (VIOLATED)
ANTENNA_219/DIODE                       0.750000    0.987731   -0.237731 (VIOLATED)
_19358_/A                               0.750000    0.987709   -0.237709 (VIOLATED)
ANTENNA_218/DIODE                       0.750000    0.987705   -0.237705 (VIOLATED)
_17140_/A0                              0.750000    0.987657   -0.237657 (VIOLATED)
ANTENNA_331/DIODE                       0.750000    0.987649   -0.237649 (VIOLATED)
_24820_/X                               0.750000    0.987521   -0.237521 (VIOLATED)
ANTENNA_365/DIODE                       0.750000    0.987500   -0.237500 (VIOLATED)
_25725_/A1                              0.750000    0.987480   -0.237480 (VIOLATED)
_17075_/A0                              0.750000    0.987149   -0.237149 (VIOLATED)
_17851_/A                               0.750000    0.987135   -0.237135 (VIOLATED)
_24299_/A                               0.750000    0.987134   -0.237134 (VIOLATED)
place8436/X                             0.750000    0.987133   -0.237133 (VIOLATED)
_13972_/A0                              0.750000    0.985719   -0.235719 (VIOLATED)
_13939_/A0                              0.750000    0.985717   -0.235717 (VIOLATED)
_13839_/A0                              0.750000    0.985715   -0.235715 (VIOLATED)
_13806_/A0                              0.750000    0.985679   -0.235679 (VIOLATED)
_13872_/A0                              0.750000    0.985646   -0.235646 (VIOLATED)
_13905_/A1                              0.750000    0.985645   -0.235645 (VIOLATED)
place7071/A                             0.750000    0.985634   -0.235634 (VIOLATED)
_13505_/A0                              0.750000    0.985624   -0.235624 (VIOLATED)
_14071_/A0                              0.750000    0.985619   -0.235619 (VIOLATED)
_14038_/A0                              0.750000    0.985615   -0.235615 (VIOLATED)
_25910_/X                               0.750000    0.984499   -0.234499 (VIOLATED)
_20935_/A0                              0.750000    0.984245   -0.234245 (VIOLATED)
place8149/A                             0.750000    0.984000   -0.234000 (VIOLATED)
_22841_/B                               0.750000    0.983935   -0.233935 (VIOLATED)
_22169_/A1                              0.750000    0.983866   -0.233866 (VIOLATED)
_24233_/A0                              0.750000    0.983861   -0.233861 (VIOLATED)
_22160_/A1                              0.750000    0.983857   -0.233857 (VIOLATED)
_22151_/A1                              0.750000    0.983831   -0.233831 (VIOLATED)
ANTENNA_130/DIODE                       0.750000    0.983678   -0.233678 (VIOLATED)
_14981_/A0                              0.750000    0.983678   -0.233678 (VIOLATED)
_15038_/A0                              0.750000    0.983664   -0.233664 (VIOLATED)
ANTENNA_131/DIODE                       0.750000    0.983643   -0.233643 (VIOLATED)
_22187_/A0                              0.750000    0.983537   -0.233537 (VIOLATED)
_22178_/A0                              0.750000    0.983530   -0.233530 (VIOLATED)
place8150/X                             0.750000    0.983336   -0.233336 (VIOLATED)
_24373_/A1                              0.750000    0.983301   -0.233301 (VIOLATED)
ANTENNA_132/DIODE                       0.750000    0.983298   -0.233298 (VIOLATED)
_14651_/A1                              0.750000    0.983280   -0.233280 (VIOLATED)
ANTENNA_128/DIODE                       0.750000    0.983200   -0.233200 (VIOLATED)
ANTENNA_129/DIODE                       0.750000    0.983162   -0.233162 (VIOLATED)
_14887_/A1                              0.750000    0.983051   -0.233051 (VIOLATED)
_17640_/B2                              0.750000    0.982553   -0.232553 (VIOLATED)
_17639_/B2                              0.750000    0.982552   -0.232552 (VIOLATED)
_17198_/A0                              0.750000    0.982548   -0.232548 (VIOLATED)
_17638_/C1                              0.750000    0.982547   -0.232547 (VIOLATED)
_26711_/A1                              0.750000    0.982538   -0.232538 (VIOLATED)
_17202_/A                               0.750000    0.982525   -0.232525 (VIOLATED)
_15902_/A1                              0.750000    0.982521   -0.232521 (VIOLATED)
_14665_/B2                              0.750000    0.982436   -0.232436 (VIOLATED)
place8584/X                             0.750000    0.982369   -0.232369 (VIOLATED)
_23867_/D                               0.750000    0.982227   -0.232227 (VIOLATED)
_17930_/A                               0.750000    0.982114   -0.232114 (VIOLATED)
_17931_/A1                              0.750000    0.982110   -0.232110 (VIOLATED)
_17933_/A1                              0.750000    0.982109   -0.232109 (VIOLATED)
_24314_/B                               0.750000    0.982108   -0.232108 (VIOLATED)
_19382_/A0                              0.750000    0.981956   -0.231956 (VIOLATED)
_17804_/A1                              0.750000    0.981943   -0.231943 (VIOLATED)
_17160_/A0                              0.750000    0.981928   -0.231928 (VIOLATED)
_19573_/A0                              0.750000    0.981821   -0.231821 (VIOLATED)
place8414/X                             0.750000    0.981750   -0.231750 (VIOLATED)
_23859_/X                               0.750000    0.981595   -0.231595 (VIOLATED)
_26744_/A1                              0.750000    0.981481   -0.231481 (VIOLATED)
place6996/A                             0.750000    0.981461   -0.231461 (VIOLATED)
_13655_/A1                              0.750000    0.981450   -0.231450 (VIOLATED)
_26543_/A0                              0.750000    0.981356   -0.231357 (VIOLATED)
_13621_/A1                              0.750000    0.981355   -0.231355 (VIOLATED)
place6994/A                             0.750000    0.981303   -0.231303 (VIOLATED)
_13588_/A0                              0.750000    0.981221   -0.231221 (VIOLATED)
_13468_/A0                              0.750000    0.980852   -0.230852 (VIOLATED)
place7077/A                             0.750000    0.980835   -0.230835 (VIOLATED)
_13903_/A1                              0.750000    0.980830   -0.230830 (VIOLATED)
_13870_/A0                              0.750000    0.980760   -0.230760 (VIOLATED)
_14301_/A0                              0.750000    0.980729   -0.230729 (VIOLATED)
_13402_/A0                              0.750000    0.980602   -0.230602 (VIOLATED)
_14268_/A0                              0.750000    0.980597   -0.230598 (VIOLATED)
_26759_/A1                              0.750000    0.980589   -0.230589 (VIOLATED)
_25844_/A0                              0.750000    0.980538   -0.230538 (VIOLATED)
_26725_/A1                              0.750000    0.980320   -0.230320 (VIOLATED)
_25317_/A1                              0.750000    0.979918   -0.229918 (VIOLATED)
_25469_/A0                              0.750000    0.979894   -0.229894 (VIOLATED)
_23650_/A1                              0.750000    0.979879   -0.229879 (VIOLATED)
_25974_/A1                              0.750000    0.979820   -0.229820 (VIOLATED)
ANTENNA_221/DIODE                       0.750000    0.979674   -0.229674 (VIOLATED)
_25370_/A2                              0.750000    0.979659   -0.229659 (VIOLATED)
_25371_/A2                              0.750000    0.979628   -0.229628 (VIOLATED)
ANTENNA_222/DIODE                       0.750000    0.979446   -0.229446 (VIOLATED)
_26542_/X                               0.750000    0.979416   -0.229416 (VIOLATED)
_23701_/A1                              0.750000    0.978830   -0.228830 (VIOLATED)
place8485/A                             0.750000    0.978696   -0.228696 (VIOLATED)
_23648_/A1                              0.750000    0.978574   -0.228574 (VIOLATED)
_25270_/A1                              0.750000    0.978295   -0.228295 (VIOLATED)
_19633_/A0                              0.750000    0.978294   -0.228294 (VIOLATED)
ANTENNA_220/DIODE                       0.750000    0.978283   -0.228283 (VIOLATED)
_19635_/A1                              0.750000    0.978266   -0.228266 (VIOLATED)
ANTENNA_337/DIODE                       0.750000    0.978210   -0.228210 (VIOLATED)
_19640_/B                               0.750000    0.978191   -0.228191 (VIOLATED)
_25921_/A1                              0.750000    0.978105   -0.228105 (VIOLATED)
_18586_/A1                              0.750000    0.978032   -0.228032 (VIOLATED)
ANTENNA_223/DIODE                       0.750000    0.977894   -0.227894 (VIOLATED)
_16313_/A0                              0.750000    0.977842   -0.227842 (VIOLATED)
_25478_/A0                              0.750000    0.977684   -0.227685 (VIOLATED)
place8486/X                             0.750000    0.977651   -0.227651 (VIOLATED)
_17184_/A0                              0.750000    0.976463   -0.226463 (VIOLATED)
ANTENNA_342/DIODE                       0.750000    0.976453   -0.226453 (VIOLATED)
_25963_/A2                              0.750000    0.976447   -0.226447 (VIOLATED)
place8483/X                             0.750000    0.976434   -0.226434 (VIOLATED)
ANTENNA_343/DIODE                       0.750000    0.976329   -0.226329 (VIOLATED)
_26212_/A1                              0.750000    0.976259   -0.226259 (VIOLATED)
_15888_/A1                              0.750000    0.976177   -0.226177 (VIOLATED)
ANTENNA_341/DIODE                       0.750000    0.976177   -0.226177 (VIOLATED)
_25843_/X                               0.750000    0.976055   -0.226055 (VIOLATED)
_23407_/A1                              0.750000    0.975711   -0.225711 (VIOLATED)
_26626_/A1                              0.750000    0.975673   -0.225673 (VIOLATED)
_25441_/A1                              0.750000    0.975644   -0.225644 (VIOLATED)
ANTENNA_228/DIODE                       0.750000    0.975631   -0.225632 (VIOLATED)
_23205_/A                               0.750000    0.975360   -0.225360 (VIOLATED)
_23206_/A                               0.750000    0.975315   -0.225315 (VIOLATED)
_22413_/A                               0.750000    0.975140   -0.225140 (VIOLATED)
_20090_/A1                              0.750000    0.974910   -0.224910 (VIOLATED)
_14566_/A1                              0.750000    0.974906   -0.224906 (VIOLATED)
_14532_/A1                              0.750000    0.974905   -0.224905 (VIOLATED)
_17164_/A0                              0.750000    0.974876   -0.224876 (VIOLATED)
ANTENNA_248/DIODE                       0.750000    0.974870   -0.224870 (VIOLATED)
_19814_/A1                              0.750000    0.974865   -0.224865 (VIOLATED)
_24958_/C                               0.750000    0.974830   -0.224830 (VIOLATED)
_24957_/X                               0.750000    0.974535   -0.224535 (VIOLATED)
_26618_/A0                              0.750000    0.974517   -0.224517 (VIOLATED)
_14651_/B2                              0.750000    0.974282   -0.224282 (VIOLATED)
_17947_/A                               0.750000    0.974255   -0.224255 (VIOLATED)
_17099_/A0                              0.750000    0.974254   -0.224254 (VIOLATED)
_24316_/A                               0.750000    0.974253   -0.224253 (VIOLATED)
_28569_/Q                               0.750000    0.974235   -0.224235 (VIOLATED)
place8589/X                             0.750000    0.974216   -0.224216 (VIOLATED)
_24063_/A2_N                            0.750000    0.973294   -0.223294 (VIOLATED)
_24067_/A2                              0.750000    0.973294   -0.223294 (VIOLATED)
_24044_/A                               0.750000    0.973267   -0.223267 (VIOLATED)
_24043_/Y                               0.750000    0.973092   -0.223092 (VIOLATED)
_14607_/A1                              0.750000    0.972403   -0.222403 (VIOLATED)
_20069_/A1                              0.750000    0.972392   -0.222392 (VIOLATED)
_14545_/A1                              0.750000    0.972390   -0.222390 (VIOLATED)
_14511_/A1                              0.750000    0.972368   -0.222368 (VIOLATED)
_14422_/A1                              0.750000    0.972304   -0.222304 (VIOLATED)
_14592_/A1                              0.750000    0.972297   -0.222297 (VIOLATED)
_19793_/A1                              0.750000    0.972221   -0.222221 (VIOLATED)
_19767_/A1                              0.750000    0.972072   -0.222072 (VIOLATED)
_24672_/C                               0.750000    0.971993   -0.221993 (VIOLATED)
_24671_/X                               0.750000    0.971763   -0.221764 (VIOLATED)
_15274_/A                               0.750000    0.970886   -0.220886 (VIOLATED)
_15275_/A                               0.750000    0.970866   -0.220866 (VIOLATED)
_15276_/A                               0.750000    0.970865   -0.220865 (VIOLATED)
_22377_/A                               0.750000    0.970605   -0.220605 (VIOLATED)
_23344_/A                               0.750000    0.970535   -0.220535 (VIOLATED)
_23383_/A                               0.750000    0.970347   -0.220347 (VIOLATED)
place8529/A                             0.750000    0.969766   -0.219766 (VIOLATED)
_23445_/A0                              0.750000    0.969745   -0.219745 (VIOLATED)
_28502_/Q                               0.750000    0.969698   -0.219698 (VIOLATED)
_26180_/B                               0.750000    0.967313   -0.217313 (VIOLATED)
_23704_/B1                              0.750000    0.967313   -0.217313 (VIOLATED)
_23703_/Y                               0.750000    0.967272   -0.217272 (VIOLATED)
_23517_/A                               0.750000    0.966915   -0.216915 (VIOLATED)
_23518_/A                               0.750000    0.966901   -0.216901 (VIOLATED)
place8480/A                             0.750000    0.966858   -0.216858 (VIOLATED)
_22427_/A                               0.750000    0.966837   -0.216837 (VIOLATED)
_19319_/A                               0.750000    0.966284   -0.216284 (VIOLATED)
_19645_/A                               0.750000    0.966278   -0.216278 (VIOLATED)
_18686_/A1                              0.750000    0.966272   -0.216272 (VIOLATED)
_19648_/A                               0.750000    0.966258   -0.216258 (VIOLATED)
ANTENNA_315/DIODE                       0.750000    0.966182   -0.216183 (VIOLATED)
_16421_/A0                              0.750000    0.966166   -0.216166 (VIOLATED)
_26026_/A                               0.750000    0.966161   -0.216161 (VIOLATED)
_28521_/Q                               0.750000    0.966092   -0.216092 (VIOLATED)
_14523_/S                               0.750000    0.962907   -0.212907 (VIOLATED)
_14506_/S                               0.750000    0.962899   -0.212899 (VIOLATED)
_14510_/S                               0.750000    0.962889   -0.212889 (VIOLATED)
_14513_/S                               0.750000    0.962843   -0.212843 (VIOLATED)
_14505_/S                               0.750000    0.962842   -0.212842 (VIOLATED)
_14500_/Y                               0.750000    0.962828   -0.212828 (VIOLATED)
_23602_/B1                              0.750000    0.961321   -0.211321 (VIOLATED)
_26616_/B                               0.750000    0.961321   -0.211321 (VIOLATED)
_23601_/Y                               0.750000    0.961300   -0.211300 (VIOLATED)
place8206/A                             0.750000    0.959422   -0.209422 (VIOLATED)
_21476_/A                               0.750000    0.959415   -0.209415 (VIOLATED)
_23504_/A1                              0.750000    0.959078   -0.209078 (VIOLATED)
_26132_/A1                              0.750000    0.959073   -0.209073 (VIOLATED)
_20836_/X                               0.750000    0.959024   -0.209024 (VIOLATED)
_23222_/A                               0.750000    0.959012   -0.209012 (VIOLATED)
_23223_/A                               0.750000    0.959009   -0.209009 (VIOLATED)
_23284_/A1                              0.750000    0.958914   -0.208914 (VIOLATED)
_19553_/A0                              0.750000    0.958794   -0.208794 (VIOLATED)
_19372_/A0                              0.750000    0.958759   -0.208759 (VIOLATED)
_24306_/A                               0.750000    0.958240   -0.208240 (VIOLATED)
place8424/A                             0.750000    0.958238   -0.208238 (VIOLATED)
_28555_/Q                               0.750000    0.958238   -0.208238 (VIOLATED)
_26496_/A2                              0.750000    0.955880   -0.205880 (VIOLATED)
_15710_/B                               0.750000    0.955862   -0.205862 (VIOLATED)
_15727_/A2                              0.750000    0.955847   -0.205847 (VIOLATED)
_15724_/B                               0.750000    0.955835   -0.205835 (VIOLATED)
_26494_/Y                               0.750000    0.955819   -0.205819 (VIOLATED)
place7041/A                             0.750000    0.955417   -0.205417 (VIOLATED)
ANTENNA_10/DIODE                        0.750000    0.955400   -0.205400 (VIOLATED)
_13461_/A0                              0.750000    0.955366   -0.205366 (VIOLATED)
_20030_/A0                              0.750000    0.955335   -0.205336 (VIOLATED)
ANTENNA_77/DIODE                        0.750000    0.955333   -0.205333 (VIOLATED)
_13696_/A0                              0.750000    0.955331   -0.205331 (VIOLATED)
ANTENNA_6/DIODE                         0.750000    0.955329   -0.205329 (VIOLATED)
_15774_/A2                              0.750000    0.955318   -0.205318 (VIOLATED)
_17704_/A1                              0.750000    0.955314   -0.205314 (VIOLATED)
ANTENNA_8/DIODE                         0.750000    0.955303   -0.205303 (VIOLATED)
_15771_/Y                               0.750000    0.955273   -0.205273 (VIOLATED)
ANTENNA_9/DIODE                         0.750000    0.955221   -0.205221 (VIOLATED)
_14294_/A0                              0.750000    0.955221   -0.205221 (VIOLATED)
_13395_/A0                              0.750000    0.955212   -0.205212 (VIOLATED)
_26169_/C                               0.750000    0.955146   -0.205146 (VIOLATED)
_26157_/A2                              0.750000    0.955132   -0.205132 (VIOLATED)
ANTENNA_48/DIODE                        0.750000    0.955131   -0.205131 (VIOLATED)
ANTENNA_4/DIODE                         0.750000    0.955107   -0.205107 (VIOLATED)
_13663_/A1                              0.750000    0.955103   -0.205103 (VIOLATED)
ANTENNA_7/DIODE                         0.750000    0.955096   -0.205096 (VIOLATED)
_14609_/A1                              0.750000    0.955092   -0.205092 (VIOLATED)
ANTENNA_139/DIODE                       0.750000    0.955091   -0.205091 (VIOLATED)
ANTENNA_5/DIODE                         0.750000    0.955050   -0.205050 (VIOLATED)
_26154_/Y                               0.750000    0.955048   -0.205048 (VIOLATED)
_13428_/A0                              0.750000    0.955038   -0.205038 (VIOLATED)
_14547_/A1                              0.750000    0.955023   -0.205023 (VIOLATED)
_14513_/A1                              0.750000    0.954950   -0.204950 (VIOLATED)
_20071_/A1                              0.750000    0.954928   -0.204928 (VIOLATED)
_19795_/A1                              0.750000    0.954925   -0.204925 (VIOLATED)
place7040/A                             0.750000    0.954826   -0.204826 (VIOLATED)
_24707_/C                               0.750000    0.954716   -0.204716 (VIOLATED)
ANTENNA_11/DIODE                        0.750000    0.954657   -0.204657 (VIOLATED)
_14581_/A1                              0.750000    0.954482   -0.204482 (VIOLATED)
_22323_/A2                              0.750000    0.954477   -0.204477 (VIOLATED)
_24706_/X                               0.750000    0.954219   -0.204219 (VIOLATED)
_14560_/A0                              0.750000    0.953491   -0.203491 (VIOLATED)
_19808_/A0                              0.750000    0.953464   -0.203464 (VIOLATED)
_14526_/A0                              0.750000    0.953392   -0.203392 (VIOLATED)
_24886_/C                               0.750000    0.953367   -0.203367 (VIOLATED)
_20084_/A0                              0.750000    0.953226   -0.203226 (VIOLATED)
_22317_/A0                              0.750000    0.953193   -0.203193 (VIOLATED)
_24885_/X                               0.750000    0.953043   -0.203043 (VIOLATED)
_16372_/S                               0.750000    0.950941   -0.200941 (VIOLATED)
_16379_/S                               0.750000    0.950925   -0.200925 (VIOLATED)
_16375_/S                               0.750000    0.950921   -0.200921 (VIOLATED)
place8288/A                             0.750000    0.950920   -0.200920 (VIOLATED)
_13713_/S                               0.750000    0.950736   -0.200736 (VIOLATED)
_13697_/S                               0.750000    0.950702   -0.200702 (VIOLATED)
_13717_/S                               0.750000    0.950660   -0.200660 (VIOLATED)
_13706_/S                               0.750000    0.950569   -0.200569 (VIOLATED)
_13707_/S                               0.750000    0.950268   -0.200268 (VIOLATED)
_13716_/S                               0.750000    0.950232   -0.200232 (VIOLATED)
_15907_/X                               0.750000    0.950190   -0.200190 (VIOLATED)
_13723_/S                               0.750000    0.949888   -0.199888 (VIOLATED)
_13720_/S                               0.750000    0.949878   -0.199878 (VIOLATED)
_25437_/X                               0.750000    0.949871   -0.199871 (VIOLATED)
_13715_/S                               0.750000    0.949831   -0.199831 (VIOLATED)
_13719_/S                               0.750000    0.949698   -0.199698 (VIOLATED)
place7240/X                             0.750000    0.949466   -0.199466 (VIOLATED)
_23937_/A1                              0.750000    0.949400   -0.199400 (VIOLATED)
_19984_/A0                              0.750000    0.949356   -0.199356 (VIOLATED)
_24849_/A1                              0.750000    0.949232   -0.199232 (VIOLATED)
_14563_/A0                              0.750000    0.948914   -0.198914 (VIOLATED)
_14529_/A0                              0.750000    0.948913   -0.198913 (VIOLATED)
_15604_/A2                              0.750000    0.948865   -0.198865 (VIOLATED)
_26269_/B                               0.750000    0.948854   -0.198854 (VIOLATED)
_26270_/B1                              0.750000    0.948852   -0.198852 (VIOLATED)
_20087_/A0                              0.750000    0.948836   -0.198836 (VIOLATED)
_19811_/A0                              0.750000    0.948828   -0.198829 (VIOLATED)
_15573_/B                               0.750000    0.948803   -0.198803 (VIOLATED)
_15572_/B                               0.750000    0.948783   -0.198783 (VIOLATED)
_15594_/A1                              0.750000    0.948768   -0.198768 (VIOLATED)
_15629_/A3                              0.750000    0.948758   -0.198758 (VIOLATED)
place8567/X                             0.750000    0.948688   -0.198688 (VIOLATED)
_24922_/C                               0.750000    0.948649   -0.198649 (VIOLATED)
_24921_/X                               0.750000    0.947157   -0.197157 (VIOLATED)
_26346_/B                               0.750000    0.946956   -0.196956 (VIOLATED)
_15619_/A2                              0.750000    0.946948   -0.196948 (VIOLATED)
_15632_/A0                              0.750000    0.946893   -0.196893 (VIOLATED)
_15634_/A2                              0.750000    0.946893   -0.196893 (VIOLATED)
_26345_/Y                               0.750000    0.946885   -0.196885 (VIOLATED)
_24048_/A1                              0.750000    0.946011   -0.196011 (VIOLATED)
_24794_/A1                              0.750000    0.945796   -0.195796 (VIOLATED)
_19959_/A                               0.750000    0.945792   -0.195792 (VIOLATED)
_26125_/A                               0.750000    0.945576   -0.195576 (VIOLATED)
_15483_/B                               0.750000    0.945573   -0.195573 (VIOLATED)
_15484_/B                               0.750000    0.945572   -0.195572 (VIOLATED)
_26163_/A1                              0.750000    0.945551   -0.195551 (VIOLATED)
_26162_/A                               0.750000    0.945544   -0.195544 (VIOLATED)
_15504_/A1                              0.750000    0.945482   -0.195482 (VIOLATED)
place8571/X                             0.750000    0.945412   -0.195412 (VIOLATED)
_17934_/A                               0.750000    0.945099   -0.195100 (VIOLATED)
_23566_/A1                              0.750000    0.945094   -0.195094 (VIOLATED)
_24314_/A                               0.750000    0.945094   -0.195094 (VIOLATED)
_17935_/A                               0.750000    0.945090   -0.195090 (VIOLATED)
_17806_/B2                              0.750000    0.945071   -0.195071 (VIOLATED)
_23303_/A                               0.750000    0.945056   -0.195056 (VIOLATED)
ANTENNA_327/DIODE                       0.750000    0.945052   -0.195052 (VIOLATED)
_17161_/A0                              0.750000    0.945016   -0.195016 (VIOLATED)
_17096_/A0                              0.750000    0.944966   -0.194966 (VIOLATED)
_26511_/A0                              0.750000    0.944801   -0.194801 (VIOLATED)
place8413/X                             0.750000    0.944711   -0.194711 (VIOLATED)
place7278/A                             0.750000    0.943215   -0.193215 (VIOLATED)
ANTENNA_322/DIODE                       0.750000    0.943213   -0.193213 (VIOLATED)
_17681_/S                               0.750000    0.943207   -0.193207 (VIOLATED)
_17680_/S                               0.750000    0.943167   -0.193167 (VIOLATED)
_17679_/S                               0.750000    0.943131   -0.193131 (VIOLATED)
_17712_/S                               0.750000    0.942982   -0.192982 (VIOLATED)
_17711_/S                               0.750000    0.942972   -0.192972 (VIOLATED)
_17713_/S                               0.750000    0.942948   -0.192948 (VIOLATED)
_23748_/B                               0.750000    0.942938   -0.192938 (VIOLATED)
_17709_/S                               0.750000    0.942893   -0.192893 (VIOLATED)
ANTENNA_363/DIODE                       0.750000    0.942888   -0.192888 (VIOLATED)
_17710_/S                               0.750000    0.942806   -0.192806 (VIOLATED)
place7279/X                             0.750000    0.942270   -0.192270 (VIOLATED)
place7221/A                             0.750000    0.941004   -0.191004 (VIOLATED)
_14088_/S                               0.750000    0.940983   -0.190983 (VIOLATED)
_14078_/S                               0.750000    0.940954   -0.190954 (VIOLATED)
_14075_/S                               0.750000    0.940936   -0.190936 (VIOLATED)
_14077_/S                               0.750000    0.940898   -0.190898 (VIOLATED)
_14065_/S                               0.750000    0.940801   -0.190801 (VIOLATED)
_14092_/S                               0.750000    0.940799   -0.190799 (VIOLATED)
place7220/A                             0.750000    0.940499   -0.190499 (VIOLATED)
_14080_/S                               0.750000    0.940203   -0.190203 (VIOLATED)
place7219/A                             0.750000    0.940196   -0.190196 (VIOLATED)
place7222/X                             0.750000    0.940045   -0.190045 (VIOLATED)
_26565_/B                               0.750000    0.938582   -0.188582 (VIOLATED)
_15759_/A2                              0.750000    0.938534   -0.188534 (VIOLATED)
_15771_/A2                              0.750000    0.938450   -0.188450 (VIOLATED)
_15768_/A0                              0.750000    0.938417   -0.188417 (VIOLATED)
_26564_/Y                               0.750000    0.938414   -0.188414 (VIOLATED)
_24944_/A2                              0.750000    0.933786   -0.183786 (VIOLATED)
_26568_/A1                              0.750000    0.933541   -0.183541 (VIOLATED)
_23306_/A2                              0.750000    0.932665   -0.182665 (VIOLATED)
_19709_/A                               0.750000    0.932622   -0.182622 (VIOLATED)
ANTENNA_99/DIODE                        0.750000    0.932607   -0.182607 (VIOLATED)
_24897_/A2                              0.750000    0.932568   -0.182568 (VIOLATED)
_25295_/A1                              0.750000    0.932565   -0.182565 (VIOLATED)
_25451_/A0                              0.750000    0.932546   -0.182546 (VIOLATED)
_22415_/Y                               0.750000    0.932452   -0.182452 (VIOLATED)
_26424_/A                               0.750000    0.932328   -0.182328 (VIOLATED)
_26425_/A1                              0.750000    0.932281   -0.182281 (VIOLATED)
_25385_/C                               0.750000    0.932188   -0.182188 (VIOLATED)
_25493_/A0                              0.750000    0.932104   -0.182104 (VIOLATED)
_26410_/A2                              0.750000    0.932074   -0.182074 (VIOLATED)
_25352_/A                               0.750000    0.932060   -0.182060 (VIOLATED)
_25252_/A1                              0.750000    0.932059   -0.182059 (VIOLATED)
place8460/X                             0.750000    0.931948   -0.181948 (VIOLATED)
place7085/A                             0.750000    0.930842   -0.180842 (VIOLATED)
ANTENNA_16/DIODE                        0.750000    0.930839   -0.180839 (VIOLATED)
_13665_/A1                              0.750000    0.930839   -0.180839 (VIOLATED)
ANTENNA_12/DIODE                        0.750000    0.930808   -0.180808 (VIOLATED)
_13898_/A1                              0.750000    0.930780   -0.180780 (VIOLATED)
ANTENNA_15/DIODE                        0.750000    0.930776   -0.180776 (VIOLATED)
place7087/A                             0.750000    0.930764   -0.180764 (VIOLATED)
ANTENNA_17/DIODE                        0.750000    0.930752   -0.180752 (VIOLATED)
_13698_/A0                              0.750000    0.930736   -0.180736 (VIOLATED)
ANTENNA_13/DIODE                        0.750000    0.930726   -0.180726 (VIOLATED)
_13865_/A0                              0.750000    0.930707   -0.180707 (VIOLATED)
ANTENNA_14/DIODE                        0.750000    0.930616   -0.180616 (VIOLATED)
_24967_/B1                              0.750000    0.930421   -0.180421 (VIOLATED)
_13656_/S                               0.750000    0.930408   -0.180408 (VIOLATED)
place7180/A                             0.750000    0.930404   -0.180404 (VIOLATED)
_13647_/S                               0.750000    0.930401   -0.180401 (VIOLATED)
_13648_/S                               0.750000    0.930397   -0.180397 (VIOLATED)
_24843_/B1                              0.750000    0.930390   -0.180390 (VIOLATED)
_13628_/Y                               0.750000    0.930368   -0.180368 (VIOLATED)
_13641_/S                               0.750000    0.930368   -0.180368 (VIOLATED)
_24700_/B1                              0.750000    0.930318   -0.180318 (VIOLATED)
_24648_/B1                              0.750000    0.930148   -0.180148 (VIOLATED)
_24579_/A2                              0.750000    0.930135   -0.180135 (VIOLATED)
_24681_/B1                              0.750000    0.930019   -0.180019 (VIOLATED)
_14537_/A                               0.750000    0.929873   -0.179873 (VIOLATED)
_25407_/B1                              0.750000    0.929653   -0.179653 (VIOLATED)
_24554_/D                               0.750000    0.929569   -0.179569 (VIOLATED)
_24553_/Y                               0.750000    0.929548   -0.179548 (VIOLATED)
_24793_/C                               0.750000    0.928902   -0.178902 (VIOLATED)
_20077_/A1                              0.750000    0.928734   -0.178734 (VIOLATED)
_19801_/A1                              0.750000    0.928732   -0.178732 (VIOLATED)
_14553_/A1                              0.750000    0.928710   -0.178710 (VIOLATED)
_14519_/A1                              0.750000    0.928671   -0.178671 (VIOLATED)
_14615_/A1                              0.750000    0.928515   -0.178515 (VIOLATED)
ANTENNA_144/DIODE                       0.750000    0.928511   -0.178511 (VIOLATED)
_17845_/A                               0.750000    0.928431   -0.178431 (VIOLATED)
_19354_/A                               0.750000    0.928079   -0.178079 (VIOLATED)
_25241_/A0                              0.750000    0.927779   -0.177779 (VIOLATED)
_23267_/A                               0.750000    0.927632   -0.177632 (VIOLATED)
_25329_/A0                              0.750000    0.927587   -0.177587 (VIOLATED)
_22434_/Y                               0.750000    0.927499   -0.177499 (VIOLATED)
_25596_/X                               0.750000    0.927446   -0.177446 (VIOLATED)
ANTENNA_143/DIODE                       0.750000    0.926977   -0.176978 (VIOLATED)
_14596_/A1                              0.750000    0.926965   -0.176965 (VIOLATED)
_24792_/X                               0.750000    0.926259   -0.176259 (VIOLATED)
_22852_/C                               0.750000    0.926145   -0.176145 (VIOLATED)
_22919_/B1                              0.750000    0.926133   -0.176133 (VIOLATED)
_22935_/B2                              0.750000    0.926131   -0.176131 (VIOLATED)
_21130_/S                               0.750000    0.925959   -0.175959 (VIOLATED)
_21129_/S                               0.750000    0.925942   -0.175942 (VIOLATED)
_22849_/Y                               0.750000    0.925884   -0.175884 (VIOLATED)
_15250_/A1                              0.750000    0.925126   -0.175126 (VIOLATED)
_15219_/A                               0.750000    0.925123   -0.175123 (VIOLATED)
_15164_/A                               0.750000    0.925121   -0.175121 (VIOLATED)
_15195_/A1                              0.750000    0.925086   -0.175086 (VIOLATED)
_15194_/A                               0.750000    0.925082   -0.175082 (VIOLATED)
_15170_/A                               0.750000    0.925025   -0.175025 (VIOLATED)
_17904_/A                               0.750000    0.924984   -0.174984 (VIOLATED)
_17905_/A1                              0.750000    0.924979   -0.174979 (VIOLATED)
_17907_/A1                              0.750000    0.924949   -0.174949 (VIOLATED)
_19858_/A                               0.750000    0.924927   -0.174927 (VIOLATED)
_17154_/A0                              0.750000    0.924848   -0.174848 (VIOLATED)
ANTENNA_212/DIODE                       0.750000    0.924812   -0.174812 (VIOLATED)
_19376_/A0                              0.750000    0.924812   -0.174812 (VIOLATED)
_19561_/A0                              0.750000    0.924735   -0.174735 (VIOLATED)
ANTENNA_213/DIODE                       0.750000    0.924694   -0.174694 (VIOLATED)
_17089_/A0                              0.750000    0.924626   -0.174626 (VIOLATED)
_17792_/B2                              0.750000    0.924540   -0.174540 (VIOLATED)
_26255_/A0                              0.750000    0.924523   -0.174523 (VIOLATED)
_24479_/A2                              0.750000    0.924497   -0.174497 (VIOLATED)
place8420/X                             0.750000    0.924484   -0.174484 (VIOLATED)
_24459_/B1                              0.750000    0.924377   -0.174377 (VIOLATED)
_24437_/A1                              0.750000    0.924268   -0.174268 (VIOLATED)
_23154_/Y                               0.750000    0.924147   -0.174147 (VIOLATED)
place7047/A                             0.750000    0.922882   -0.172882 (VIOLATED)
_13888_/A0                              0.750000    0.922842   -0.172842 (VIOLATED)
place7046/A                             0.750000    0.922816   -0.172816 (VIOLATED)
_13822_/A0                              0.750000    0.922792   -0.172792 (VIOLATED)
place7045/A                             0.750000    0.922361   -0.172361 (VIOLATED)
ANTENNA_57/DIODE                        0.750000    0.922357   -0.172357 (VIOLATED)
_23351_/A0                              0.750000    0.922057   -0.172057 (VIOLATED)
_25335_/A1                              0.750000    0.921869   -0.171869 (VIOLATED)
_17755_/B2                              0.750000    0.921542   -0.171542 (VIOLATED)
place8441/A                             0.750000    0.921367   -0.171367 (VIOLATED)
_25509_/A1                              0.750000    0.921311   -0.171311 (VIOLATED)
_25903_/B                               0.750000    0.921137   -0.171137 (VIOLATED)
_23656_/B1                              0.750000    0.921136   -0.171136 (VIOLATED)
_23655_/Y                               0.750000    0.921008   -0.171008 (VIOLATED)
_17071_/A0                              0.750000    0.920615   -0.170615 (VIOLATED)
_17839_/A                               0.750000    0.920605   -0.170605 (VIOLATED)
_17136_/A0                              0.750000    0.920602   -0.170602 (VIOLATED)
_17844_/A2                              0.750000    0.920601   -0.170601 (VIOLATED)
_24298_/C                               0.750000    0.920600   -0.170600 (VIOLATED)
_28541_/Q                               0.750000    0.920590   -0.170590 (VIOLATED)
_21330_/A1                              0.750000    0.920116   -0.170116 (VIOLATED)
_20438_/A1                              0.750000    0.920106   -0.170106 (VIOLATED)
input8913/X                             0.750000    0.920104   -0.170104 (VIOLATED)
_22838_/A_N                             0.750000    0.919765   -0.169765 (VIOLATED)
place8158/A                             0.750000    0.919452   -0.169452 (VIOLATED)
_17814_/A1                              0.750000    0.919422   -0.169422 (VIOLATED)
_22831_/X                               0.750000    0.919217   -0.169217 (VIOLATED)
_17165_/A0                              0.750000    0.919179   -0.169179 (VIOLATED)
_24973_/B                               0.750000    0.919134   -0.169134 (VIOLATED)
_26663_/A2                              0.750000    0.918911   -0.168911 (VIOLATED)
_17952_/A                               0.750000    0.918879   -0.168879 (VIOLATED)
_17953_/A1                              0.750000    0.918877   -0.168877 (VIOLATED)
_24317_/A                               0.750000    0.918854   -0.168854 (VIOLATED)
_23585_/A1                              0.750000    0.918777   -0.168777 (VIOLATED)
_23289_/A2                              0.750000    0.918740   -0.168740 (VIOLATED)
_19255_/A2                              0.750000    0.918711   -0.168711 (VIOLATED)
_22412_/Y                               0.750000    0.918657   -0.168658 (VIOLATED)
_26504_/X                               0.750000    0.918123   -0.168123 (VIOLATED)
_19387_/A0                              0.750000    0.918120   -0.168120 (VIOLATED)
_19583_/A0                              0.750000    0.917994   -0.167994 (VIOLATED)
_17100_/A0                              0.750000    0.917618   -0.167618 (VIOLATED)
place8410/X                             0.750000    0.917424   -0.167424 (VIOLATED)
_17943_/A                               0.750000    0.913132   -0.163132 (VIOLATED)
_17944_/A1                              0.750000    0.913131   -0.163131 (VIOLATED)
_17946_/A1                              0.750000    0.913129   -0.163129 (VIOLATED)
_24316_/B                               0.750000    0.913109   -0.163109 (VIOLATED)
_20760_/A2                              0.750000    0.913073   -0.163073 (VIOLATED)
_20695_/A2                              0.750000    0.913056   -0.163056 (VIOLATED)
_17163_/A0                              0.750000    0.913044   -0.163044 (VIOLATED)
_17810_/B2                              0.750000    0.913034   -0.163034 (VIOLATED)
_20597_/A2                              0.750000    0.913031   -0.163031 (VIOLATED)
_20794_/A2                              0.750000    0.913024   -0.163024 (VIOLATED)
_19385_/A0                              0.750000    0.913007   -0.163007 (VIOLATED)
_17098_/A0                              0.750000    0.912993   -0.162993 (VIOLATED)
_20620_/A2                              0.750000    0.912982   -0.162983 (VIOLATED)
_19579_/A0                              0.750000    0.912969   -0.162969 (VIOLATED)
_26583_/A0                              0.750000    0.912922   -0.162922 (VIOLATED)
place7501/A                             0.750000    0.912913   -0.162913 (VIOLATED)
_20579_/A2                              0.750000    0.912856   -0.162856 (VIOLATED)
place8411/X                             0.750000    0.912851   -0.162851 (VIOLATED)
_20532_/A2                              0.750000    0.912803   -0.162804 (VIOLATED)
place7500/A                             0.750000    0.912654   -0.162654 (VIOLATED)
_21197_/A1                              0.750000    0.912647   -0.162648 (VIOLATED)
place7502/X                             0.750000    0.912572   -0.162572 (VIOLATED)
_23383_/C                               0.750000    0.912108   -0.162108 (VIOLATED)
_24497_/C                               0.750000    0.912108   -0.162108 (VIOLATED)
place8528/A                             0.750000    0.912097   -0.162097 (VIOLATED)
_22997_/B                               0.750000    0.912042   -0.162042 (VIOLATED)
_23440_/A0                              0.750000    0.912024   -0.162025 (VIOLATED)
_25828_/A1                              0.750000    0.911954   -0.161954 (VIOLATED)
_25827_/A                               0.750000    0.911953   -0.161953 (VIOLATED)
_25829_/A1                              0.750000    0.911944   -0.161944 (VIOLATED)
_17130_/A0                              0.750000    0.911780   -0.161780 (VIOLATED)
_18972_/B1                              0.750000    0.911744   -0.161745 (VIOLATED)
_15898_/A0                              0.750000    0.911738   -0.161738 (VIOLATED)
_28503_/Q                               0.750000    0.911732   -0.161733 (VIOLATED)
_19421_/A1_N                            0.750000    0.911596   -0.161596 (VIOLATED)
_18971_/Y                               0.750000    0.911581   -0.161581 (VIOLATED)
_13917_/A1                              0.750000    0.909362   -0.159362 (VIOLATED)
_14050_/A0                              0.750000    0.909338   -0.159338 (VIOLATED)
_14282_/A0                              0.750000    0.909304   -0.159304 (VIOLATED)
_26739_/A1                              0.750000    0.909281   -0.159281 (VIOLATED)
_13851_/A0                              0.750000    0.909248   -0.159248 (VIOLATED)
place7018/A                             0.750000    0.909240   -0.159240 (VIOLATED)
_14083_/A0                              0.750000    0.909235   -0.159235 (VIOLATED)
_13818_/A0                              0.750000    0.909226   -0.159226 (VIOLATED)
_14216_/A1                              0.750000    0.909218   -0.159218 (VIOLATED)
_14249_/A1                              0.750000    0.909183   -0.159183 (VIOLATED)
_20895_/B2                              0.750000    0.908908   -0.158909 (VIOLATED)
_20883_/A1                              0.750000    0.908894   -0.158894 (VIOLATED)
_20962_/A1                              0.750000    0.908820   -0.158820 (VIOLATED)
_21801_/A0                              0.750000    0.908557   -0.158557 (VIOLATED)
_21951_/A1                              0.750000    0.908556   -0.158556 (VIOLATED)
_22076_/A0                              0.750000    0.908517   -0.158517 (VIOLATED)
_25363_/A2                              0.750000    0.908498   -0.158498 (VIOLATED)
_22112_/A0                              0.750000    0.908461   -0.158461 (VIOLATED)
place8498/A                             0.750000    0.908332   -0.158332 (VIOLATED)
_23255_/B                               0.750000    0.908295   -0.158295 (VIOLATED)
_23253_/B                               0.750000    0.908143   -0.158143 (VIOLATED)
_23254_/B                               0.750000    0.908081   -0.158081 (VIOLATED)
_20956_/A0                              0.750000    0.908032   -0.158032 (VIOLATED)
place8147/A                             0.750000    0.907692   -0.157692 (VIOLATED)
_18393_/A1                              0.750000    0.907555   -0.157555 (VIOLATED)
_25673_/A1                              0.750000    0.907544   -0.157544 (VIOLATED)
_16097_/A0                              0.750000    0.907543   -0.157543 (VIOLATED)
place8499/X                             0.750000    0.907504   -0.157504 (VIOLATED)
_15886_/A1                              0.750000    0.907350   -0.157350 (VIOLATED)
ANTENNA_233/DIODE                       0.750000    0.907349   -0.157349 (VIOLATED)
_22154_/A1                              0.750000    0.907326   -0.157326 (VIOLATED)
_22172_/A1                              0.750000    0.907212   -0.157212 (VIOLATED)
_24239_/A0                              0.750000    0.907192   -0.157192 (VIOLATED)
_21083_/D                               0.750000    0.907100   -0.157100 (VIOLATED)
_17182_/A0                              0.750000    0.907093   -0.157093 (VIOLATED)
ANTENNA_234/DIODE                       0.750000    0.907090   -0.157090 (VIOLATED)
_22163_/A1                              0.750000    0.907041   -0.157041 (VIOLATED)
_26135_/A1                              0.750000    0.906910   -0.156910 (VIOLATED)
_22190_/A0                              0.750000    0.906838   -0.156838 (VIOLATED)
_21816_/A1                              0.750000    0.906678   -0.156678 (VIOLATED)
_22181_/A0                              0.750000    0.906626   -0.156626 (VIOLATED)
place8184/X                             0.750000    0.906550   -0.156550 (VIOLATED)
place8148/X                             0.750000    0.906455   -0.156455 (VIOLATED)
_21971_/A1                              0.750000    0.906391   -0.156391 (VIOLATED)
_22117_/A0                              0.750000    0.906282   -0.156282 (VIOLATED)
_26355_/X                               0.750000    0.906039   -0.156039 (VIOLATED)
_20859_/A1                              0.750000    0.906016   -0.156016 (VIOLATED)
_20899_/B2                              0.750000    0.905976   -0.155976 (VIOLATED)
_14649_/B2                              0.750000    0.905916   -0.155916 (VIOLATED)
_20934_/A0                              0.750000    0.905719   -0.155719 (VIOLATED)
place8591/X                             0.750000    0.905618   -0.155618 (VIOLATED)
_22081_/A0                              0.750000    0.905583   -0.155583 (VIOLATED)
_18775_/B1                              0.750000    0.905055   -0.155055 (VIOLATED)
_19415_/B2                              0.750000    0.905001   -0.155001 (VIOLATED)
_18774_/Y                               0.750000    0.904997   -0.154997 (VIOLATED)
place8496/A                             0.750000    0.904308   -0.154308 (VIOLATED)
_25364_/A2                              0.750000    0.904280   -0.154280 (VIOLATED)
_23671_/A1                              0.750000    0.904029   -0.154029 (VIOLATED)
_21107_/A0                              0.750000    0.903698   -0.153698 (VIOLATED)
_24908_/A2                              0.750000    0.903094   -0.153094 (VIOLATED)
_23453_/A                               0.750000    0.902791   -0.152791 (VIOLATED)
_25263_/A1                              0.750000    0.902577   -0.152577 (VIOLATED)
_25483_/A0                              0.750000    0.902567   -0.152567 (VIOLATED)
_25734_/A1                              0.750000    0.902470   -0.152470 (VIOLATED)
place8195/X                             0.750000    0.902454   -0.152454 (VIOLATED)
_23252_/A                               0.750000    0.902393   -0.152393 (VIOLATED)
_23251_/A                               0.750000    0.902364   -0.152364 (VIOLATED)
_23250_/B                               0.750000    0.902238   -0.152238 (VIOLATED)
_21643_/B1                              0.750000    0.902191   -0.152191 (VIOLATED)
_21631_/A2                              0.750000    0.902190   -0.152190 (VIOLATED)
_21646_/B1                              0.750000    0.902187   -0.152187 (VIOLATED)
_21652_/B1                              0.750000    0.902185   -0.152185 (VIOLATED)
_21649_/B1                              0.750000    0.902181   -0.152181 (VIOLATED)
place8497/X                             0.750000    0.902174   -0.152174 (VIOLATED)
_21658_/B1                              0.750000    0.902168   -0.152168 (VIOLATED)
place7439/A                             0.750000    0.902164   -0.152164 (VIOLATED)
place7436/A                             0.750000    0.902162   -0.152162 (VIOLATED)
_21621_/Y                               0.750000    0.902139   -0.152139 (VIOLATED)
_24932_/A2                              0.750000    0.901871   -0.151871 (VIOLATED)
_23664_/A1                              0.750000    0.901263   -0.151263 (VIOLATED)
_23305_/B1                              0.750000    0.901220   -0.151220 (VIOLATED)
place8491/A                             0.750000    0.901211   -0.151211 (VIOLATED)
_22419_/Y                               0.750000    0.901161   -0.151161 (VIOLATED)
_25482_/A0                              0.750000    0.901002   -0.151002 (VIOLATED)
_25262_/A1                              0.750000    0.900885   -0.150885 (VIOLATED)
_24618_/A                               0.750000    0.900768   -0.150768 (VIOLATED)
_24617_/Y                               0.750000    0.900755   -0.150755 (VIOLATED)
_23905_/A1                              0.750000    0.900181   -0.150181 (VIOLATED)
_23904_/A1                              0.750000    0.900157   -0.150157 (VIOLATED)
_22432_/A                               0.750000    0.900130   -0.150130 (VIOLATED)
_23442_/A                               0.750000    0.900088   -0.150088 (VIOLATED)
_23443_/A                               0.750000    0.900088   -0.150088 (VIOLATED)
_23246_/B                               0.750000    0.900071   -0.150071 (VIOLATED)
place8492/X                             0.750000    0.899966   -0.149966 (VIOLATED)
_19946_/A1                              0.750000    0.899821   -0.149821 (VIOLATED)
_17191_/A0                              0.750000    0.899813   -0.149813 (VIOLATED)
_26465_/A1                              0.750000    0.899682   -0.149682 (VIOLATED)
_26042_/A                               0.750000    0.899616   -0.149616 (VIOLATED)
_26043_/A                               0.750000    0.899595   -0.149595 (VIOLATED)
_25431_/A1                              0.750000    0.899582   -0.149582 (VIOLATED)
_23303_/B                               0.750000    0.899418   -0.149418 (VIOLATED)
_22416_/Y                               0.750000    0.899379   -0.149380 (VIOLATED)
_17167_/A1                              0.750000    0.899240   -0.149240 (VIOLATED)
ANTENNA_239/DIODE                       0.750000    0.899233   -0.149233 (VIOLATED)
_17344_/A                               0.750000    0.899205   -0.149205 (VIOLATED)
ANTENNA_238/DIODE                       0.750000    0.899194   -0.149194 (VIOLATED)
_15871_/A1                              0.750000    0.899194   -0.149194 (VIOLATED)
place8573/A                             0.750000    0.899192   -0.149192 (VIOLATED)
_25434_/A1                              0.750000    0.899188   -0.149188 (VIOLATED)
ANTENNA_240/DIODE                       0.750000    0.899183   -0.149183 (VIOLATED)
_17583_/A1                              0.750000    0.899165   -0.149165 (VIOLATED)
_17216_/A                               0.750000    0.899155   -0.149155 (VIOLATED)
_17215_/A                               0.750000    0.899147   -0.149147 (VIOLATED)
_17217_/A                               0.750000    0.899128   -0.149128 (VIOLATED)
_17390_/B2                              0.750000    0.898995   -0.148995 (VIOLATED)
ANTENNA_345/DIODE                       0.750000    0.898993   -0.148993 (VIOLATED)
_17357_/A                               0.750000    0.898986   -0.148986 (VIOLATED)
ANTENNA_344/DIODE                       0.750000    0.898978   -0.148978 (VIOLATED)
_14626_/B2                              0.750000    0.898768   -0.148768 (VIOLATED)
place8599/X                             0.750000    0.898768   -0.148768 (VIOLATED)
_15895_/A1                              0.750000    0.898705   -0.148705 (VIOLATED)
_14658_/B2                              0.750000    0.898673   -0.148673 (VIOLATED)
_28457_/Q                               0.750000    0.898516   -0.148516 (VIOLATED)
_28181_/Q                               0.750000    0.898307   -0.148307 (VIOLATED)
_23768_/B1                              0.750000    0.898156   -0.148156 (VIOLATED)
ANTENNA_291/DIODE                       0.750000    0.898155   -0.148155 (VIOLATED)
_15657_/C1                              0.750000    0.898057   -0.148057 (VIOLATED)
_15730_/C1                              0.750000    0.898052   -0.148052 (VIOLATED)
_15520_/C1                              0.750000    0.898043   -0.148043 (VIOLATED)
_15681_/C1                              0.750000    0.898040   -0.148040 (VIOLATED)
_15544_/C1                              0.750000    0.898006   -0.148006 (VIOLATED)
place7328/A                             0.750000    0.897983   -0.147983 (VIOLATED)
place7329/A                             0.750000    0.897928   -0.147928 (VIOLATED)
_15169_/A2                              0.750000    0.897750   -0.147750 (VIOLATED)
_23766_/X                               0.750000    0.897689   -0.147689 (VIOLATED)
_14851_/A1                              0.750000    0.896440   -0.146440 (VIOLATED)
_14702_/A0                              0.750000    0.896406   -0.146406 (VIOLATED)
_24051_/B                               0.750000    0.896357   -0.146357 (VIOLATED)
_24957_/A2                              0.750000    0.896125   -0.146125 (VIOLATED)
_25289_/A0                              0.750000    0.896069   -0.146069 (VIOLATED)
_23948_/X                               0.750000    0.896017   -0.146017 (VIOLATED)
_25447_/A1                              0.750000    0.895943   -0.145943 (VIOLATED)
_25383_/B2                              0.750000    0.895451   -0.145451 (VIOLATED)
_25353_/A                               0.750000    0.895272   -0.145272 (VIOLATED)
_25246_/A0                              0.750000    0.895148   -0.145148 (VIOLATED)
_25489_/A1                              0.750000    0.895145   -0.145145 (VIOLATED)
_23581_/A                               0.750000    0.895001   -0.145001 (VIOLATED)
_22414_/A                               0.750000    0.894923   -0.144923 (VIOLATED)
_23610_/A1                              0.750000    0.894884   -0.144884 (VIOLATED)
place8451/X                             0.750000    0.894812   -0.144812 (VIOLATED)
_23613_/B1                              0.750000    0.893702   -0.143702 (VIOLATED)
_26472_/B                               0.750000    0.893700   -0.143700 (VIOLATED)
_23612_/Y                               0.750000    0.893533   -0.143533 (VIOLATED)
place8563/A                             0.750000    0.892206   -0.142206 (VIOLATED)
_20008_/A0                              0.750000    0.892193   -0.142193 (VIOLATED)
_24899_/A1                              0.750000    0.892043   -0.142043 (VIOLATED)
_15714_/A3                              0.750000    0.891999   -0.141999 (VIOLATED)
_26418_/A                               0.750000    0.891923   -0.141923 (VIOLATED)
_26419_/A                               0.750000    0.891923   -0.141923 (VIOLATED)
_15666_/B                               0.750000    0.891892   -0.141892 (VIOLATED)
_15665_/B                               0.750000    0.891867   -0.141867 (VIOLATED)
_15691_/A2                              0.750000    0.891823   -0.141823 (VIOLATED)
_15686_/A0                              0.750000    0.891776   -0.141776 (VIOLATED)
_28467_/Q                               0.750000    0.891776   -0.141776 (VIOLATED)
_19692_/A0                              0.750000    0.891658   -0.141658 (VIOLATED)
_19489_/Y                               0.750000    0.891646   -0.141646 (VIOLATED)
_19490_/C1                              0.750000    0.891646   -0.141646 (VIOLATED)
_24675_/A2                              0.750000    0.891050   -0.141050 (VIOLATED)
_25462_/A1                              0.750000    0.891042   -0.141042 (VIOLATED)
_25318_/A0                              0.750000    0.891040   -0.141040 (VIOLATED)
_24687_/A1                              0.750000    0.891037   -0.141037 (VIOLATED)
_25367_/A2                              0.750000    0.890909   -0.140909 (VIOLATED)
_25368_/B1                              0.750000    0.890899   -0.140899 (VIOLATED)
_25870_/A2                              0.750000    0.890810   -0.140810 (VIOLATED)
_25871_/A2                              0.750000    0.890774   -0.140774 (VIOLATED)
_25271_/A0                              0.750000    0.890745   -0.140745 (VIOLATED)
_25482_/A1                              0.750000    0.890741   -0.140741 (VIOLATED)
place8489/X                             0.750000    0.890409   -0.140409 (VIOLATED)
_13767_/S                               0.750000    0.888028   -0.138028 (VIOLATED)
_13769_/S                               0.750000    0.888002   -0.138002 (VIOLATED)
_13793_/S                               0.750000    0.887985   -0.137985 (VIOLATED)
_13766_/S                               0.750000    0.887957   -0.137957 (VIOLATED)
_13778_/S                               0.750000    0.887910   -0.137910 (VIOLATED)
_13764_/S                               0.750000    0.887817   -0.137817 (VIOLATED)
place7233/A                             0.750000    0.887811   -0.137811 (VIOLATED)
_13785_/S                               0.750000    0.887801   -0.137801 (VIOLATED)
_13765_/S                               0.750000    0.887734   -0.137734 (VIOLATED)
place7234/X                             0.750000    0.887710   -0.137710 (VIOLATED)
_24770_/A2                              0.750000    0.887135   -0.137135 (VIOLATED)
_24755_/B1                              0.750000    0.887032   -0.137032 (VIOLATED)
_24839_/B1                              0.750000    0.886853   -0.136853 (VIOLATED)
_24829_/B1                              0.750000    0.886823   -0.136823 (VIOLATED)
_24630_/A2                              0.750000    0.886482   -0.136482 (VIOLATED)
_13424_/S                               0.750000    0.886113   -0.136113 (VIOLATED)
_20344_/A1                              0.750000    0.886086   -0.136086 (VIOLATED)
_13417_/S                               0.750000    0.886065   -0.136065 (VIOLATED)
_13395_/S                               0.750000    0.885998   -0.135998 (VIOLATED)
_22758_/A                               0.750000    0.885982   -0.135982 (VIOLATED)
_14429_/A                               0.750000    0.885956   -0.135956 (VIOLATED)
_15415_/A1                              0.750000    0.885915   -0.135915 (VIOLATED)
_13420_/S                               0.750000    0.885914   -0.135914 (VIOLATED)
place7254/A                             0.750000    0.885860   -0.135860 (VIOLATED)
_13398_/S                               0.750000    0.885849   -0.135849 (VIOLATED)
place7253/A                             0.750000    0.885823   -0.135823 (VIOLATED)
_13397_/S                               0.750000    0.885800   -0.135800 (VIOLATED)
_22688_/D                               0.750000    0.885796   -0.135796 (VIOLATED)
_13407_/S                               0.750000    0.885734   -0.135734 (VIOLATED)
_19904_/A1                              0.750000    0.885706   -0.135706 (VIOLATED)
place7255/X                             0.750000    0.885701   -0.135702 (VIOLATED)
_17709_/A1                              0.750000    0.885642   -0.135642 (VIOLATED)
_24592_/B                               0.750000    0.885581   -0.135581 (VIOLATED)
_22687_/X                               0.750000    0.885401   -0.135401 (VIOLATED)
_24682_/A2                              0.750000    0.885046   -0.135046 (VIOLATED)
_25530_/A2                              0.750000    0.884736   -0.134736 (VIOLATED)
_15878_/A0                              0.750000    0.884498   -0.134498 (VIOLATED)
_19762_/C                               0.750000    0.884409   -0.134409 (VIOLATED)
place8554/X                             0.750000    0.884399   -0.134399 (VIOLATED)
_24521_/C                               0.750000    0.884139   -0.134139 (VIOLATED)
place7672/X                             0.750000    0.884128   -0.134128 (VIOLATED)
_25398_/A1                              0.750000    0.881708   -0.131708 (VIOLATED)
_25359_/B1                              0.750000    0.881534   -0.131534 (VIOLATED)
_13981_/A0                              0.750000    0.881337   -0.131337 (VIOLATED)
_13948_/A0                              0.750000    0.881337   -0.131337 (VIOLATED)
_23387_/B                               0.750000    0.881328   -0.131328 (VIOLATED)
place7025/A                             0.750000    0.881312   -0.131312 (VIOLATED)
_14080_/A0                              0.750000    0.881304   -0.131304 (VIOLATED)
_24523_/B                               0.750000    0.881278   -0.131278 (VIOLATED)
_24526_/B                               0.750000    0.881278   -0.131278 (VIOLATED)
place7024/A                             0.750000    0.881254   -0.131254 (VIOLATED)
_13413_/A0                              0.750000    0.881203   -0.131203 (VIOLATED)
_13479_/A0                              0.750000    0.881155   -0.131155 (VIOLATED)
place8467/A                             0.750000    0.881081   -0.131081 (VIOLATED)
_19485_/A0                              0.750000    0.881043   -0.131043 (VIOLATED)
ANTENNA_360/DIODE                       0.750000    0.881042   -0.131042 (VIOLATED)
_23660_/A1                              0.750000    0.881035   -0.131035 (VIOLATED)
_15906_/A0                              0.750000    0.880905   -0.130905 (VIOLATED)
ANTENNA_287/DIODE                       0.750000    0.880903   -0.130903 (VIOLATED)
_25338_/A                               0.750000    0.880897   -0.130897 (VIOLATED)
place7023/A                             0.750000    0.880847   -0.130847 (VIOLATED)
place8489/A                             0.750000    0.880845   -0.130845 (VIOLATED)
_22393_/Y                               0.750000    0.880837   -0.130837 (VIOLATED)
_22431_/A                               0.750000    0.880827   -0.130827 (VIOLATED)
_23438_/A                               0.750000    0.880807   -0.130807 (VIOLATED)
_19332_/A0                              0.750000    0.880716   -0.130716 (VIOLATED)
_25862_/A2                              0.750000    0.880625   -0.130625 (VIOLATED)
_18913_/A1                              0.750000    0.880601   -0.130601 (VIOLATED)
_23242_/B                               0.750000    0.880580   -0.130580 (VIOLATED)
_23243_/B                               0.750000    0.880567   -0.130567 (VIOLATED)
_19682_/A1                              0.750000    0.880509   -0.130509 (VIOLATED)
_19678_/B1                              0.750000    0.880506   -0.130506 (VIOLATED)
_19686_/A2                              0.750000    0.880497   -0.130497 (VIOLATED)
_19679_/A                               0.750000    0.880407   -0.130407 (VIOLATED)
_19625_/A                               0.750000    0.880331   -0.130331 (VIOLATED)
_25854_/A1                              0.750000    0.880324   -0.130324 (VIOLATED)
_16241_/A0                              0.750000    0.880322   -0.130322 (VIOLATED)
place8490/X                             0.750000    0.880303   -0.130303 (VIOLATED)
wire8941/A                              0.750000    0.879856   -0.129856 (VIOLATED)
_26288_/A1                              0.750000    0.879850   -0.129850 (VIOLATED)
_24639_/Y                               0.750000    0.879848   -0.129848 (VIOLATED)
_16673_/A0                              0.750000    0.879843   -0.129843 (VIOLATED)
_28528_/Q                               0.750000    0.879834   -0.129834 (VIOLATED)
_21495_/A                               0.750000    0.878857   -0.128857 (VIOLATED)
_22744_/A                               0.750000    0.878857   -0.128857 (VIOLATED)
_22746_/B                               0.750000    0.878856   -0.128856 (VIOLATED)
_21483_/A                               0.750000    0.878855   -0.128855 (VIOLATED)
_22745_/B                               0.750000    0.878854   -0.128854 (VIOLATED)
_22743_/X                               0.750000    0.878831   -0.128831 (VIOLATED)
_13507_/S                               0.750000    0.877344   -0.127344 (VIOLATED)
_26248_/X                               0.750000    0.877283   -0.127283 (VIOLATED)
_13506_/S                               0.750000    0.877282   -0.127282 (VIOLATED)
_13516_/S                               0.750000    0.877233   -0.127233 (VIOLATED)
_13504_/S                               0.750000    0.877206   -0.127206 (VIOLATED)
_13527_/S                               0.750000    0.877183   -0.127183 (VIOLATED)
_13497_/S                               0.750000    0.877165   -0.127165 (VIOLATED)
_13513_/S                               0.750000    0.877090   -0.127090 (VIOLATED)
_13517_/S                               0.750000    0.877031   -0.127032 (VIOLATED)
_13515_/S                               0.750000    0.876965   -0.126965 (VIOLATED)
_13520_/S                               0.750000    0.876899   -0.126899 (VIOLATED)
place7193/X                             0.750000    0.876560   -0.126560 (VIOLATED)
_26176_/S                               0.750000    0.875455   -0.125455 (VIOLATED)
_25703_/S                               0.750000    0.875396   -0.125397 (VIOLATED)
_25752_/S                               0.750000    0.875253   -0.125253 (VIOLATED)
_25881_/S                               0.750000    0.875228   -0.125228 (VIOLATED)
_25980_/S                               0.750000    0.875113   -0.125113 (VIOLATED)
place7147/A                             0.750000    0.874996   -0.124996 (VIOLATED)
_17645_/A2                              0.750000    0.874621   -0.124621 (VIOLATED)
ANTENNA_116/DIODE                       0.750000    0.874611   -0.124611 (VIOLATED)
_26431_/S                               0.750000    0.874413   -0.124413 (VIOLATED)
_26681_/S                               0.750000    0.874242   -0.124242 (VIOLATED)
_25657_/S                               0.750000    0.874164   -0.124164 (VIOLATED)
_15246_/B2                              0.750000    0.874080   -0.124080 (VIOLATED)
_15269_/B2                              0.750000    0.874033   -0.124033 (VIOLATED)
_15293_/B2                              0.750000    0.874023   -0.124023 (VIOLATED)
_15456_/B2                              0.750000    0.873994   -0.123994 (VIOLATED)
_15318_/B2                              0.750000    0.873990   -0.123990 (VIOLATED)
_23765_/Y                               0.750000    0.873955   -0.123955 (VIOLATED)
_23635_/B1                              0.750000    0.873620   -0.123620 (VIOLATED)
_26219_/B                               0.750000    0.873617   -0.123617 (VIOLATED)
_23634_/X                               0.750000    0.873576   -0.123576 (VIOLATED)
place8202/A                             0.750000    0.873300   -0.123300 (VIOLATED)
_21475_/A                               0.750000    0.873299   -0.123299 (VIOLATED)
_20844_/X                               0.750000    0.873213   -0.123213 (VIOLATED)
place7146/A                             0.750000    0.872803   -0.122803 (VIOLATED)
place7148/X                             0.750000    0.872765   -0.122765 (VIOLATED)
_17137_/A0                              0.750000    0.872279   -0.122279 (VIOLATED)
_24298_/B                               0.750000    0.872249   -0.122249 (VIOLATED)
_17844_/A1                              0.750000    0.872228   -0.122228 (VIOLATED)
_17757_/B2                              0.750000    0.872190   -0.122190 (VIOLATED)
_25539_/A0                              0.750000    0.872155   -0.122155 (VIOLATED)
_23464_/A0                              0.750000    0.872055   -0.122055 (VIOLATED)
place8440/A                             0.750000    0.872049   -0.122049 (VIOLATED)
_23259_/A                               0.750000    0.872044   -0.122044 (VIOLATED)
_23260_/A                               0.750000    0.872043   -0.122043 (VIOLATED)
_28542_/Q                               0.750000    0.871997   -0.121997 (VIOLATED)
_15890_/A1                              0.750000    0.870862   -0.120862 (VIOLATED)
_24872_/C1                              0.750000    0.870752   -0.120752 (VIOLATED)
_26347_/B2                              0.750000    0.870700   -0.120700 (VIOLATED)
_17186_/A0                              0.750000    0.870655   -0.120655 (VIOLATED)
_26279_/A1                              0.750000    0.870566   -0.120566 (VIOLATED)
place7622/A                             0.750000    0.870540   -0.120540 (VIOLATED)
_19535_/B1                              0.750000    0.870539   -0.120539 (VIOLATED)
_19537_/B1                              0.750000    0.870538   -0.120538 (VIOLATED)
_19536_/B1                              0.750000    0.870535   -0.120535 (VIOLATED)
_19538_/B1                              0.750000    0.870529   -0.120529 (VIOLATED)
_19539_/B1                              0.750000    0.870521   -0.120521 (VIOLATED)
_19541_/B1                              0.750000    0.870513   -0.120513 (VIOLATED)
_19540_/B1                              0.750000    0.870510   -0.120510 (VIOLATED)
place7631/A                             0.750000    0.870506   -0.120506 (VIOLATED)
_19397_/Y                               0.750000    0.870478   -0.120478 (VIOLATED)
_25653_/A1                              0.750000    0.870387   -0.120387 (VIOLATED)
_17546_/A1                              0.750000    0.870112   -0.120112 (VIOLATED)
ANTENNA_227/DIODE                       0.750000    0.870105   -0.120105 (VIOLATED)
_14653_/B2                              0.750000    0.869742   -0.119742 (VIOLATED)
place8588/X                             0.750000    0.869697   -0.119697 (VIOLATED)
_14605_/A0                              0.750000    0.869385   -0.119385 (VIOLATED)
_19791_/A0                              0.750000    0.869324   -0.119324 (VIOLATED)
_14509_/A0                              0.750000    0.869313   -0.119313 (VIOLATED)
_14543_/A0                              0.750000    0.869306   -0.119306 (VIOLATED)
_14590_/A0                              0.750000    0.869298   -0.119298 (VIOLATED)
_20067_/A0                              0.750000    0.869285   -0.119285 (VIOLATED)
_24642_/C                               0.750000    0.869196   -0.119196 (VIOLATED)
_22325_/A1                              0.750000    0.869140   -0.119140 (VIOLATED)
_14579_/B                               0.750000    0.869110   -0.119110 (VIOLATED)
_24871_/X                               0.750000    0.868675   -0.118675 (VIOLATED)
_24641_/X                               0.750000    0.868622   -0.118622 (VIOLATED)
_23895_/A2                              0.750000    0.867778   -0.117778 (VIOLATED)
_24290_/B1                              0.750000    0.867644   -0.117644 (VIOLATED)
place8908/A                             0.750000    0.867588   -0.117588 (VIOLATED)
place8909/X                             0.750000    0.867557   -0.117557 (VIOLATED)
_19055_/A1                              0.750000    0.866814   -0.116815 (VIOLATED)
_19339_/A                               0.750000    0.866778   -0.116778 (VIOLATED)
_19695_/A                               0.750000    0.866774   -0.116774 (VIOLATED)
_19698_/A1                              0.750000    0.866765   -0.116765 (VIOLATED)
_19702_/B                               0.750000    0.866748   -0.116748 (VIOLATED)
_16817_/A0                              0.750000    0.866728   -0.116728 (VIOLATED)
_26440_/A                               0.750000    0.866720   -0.116720 (VIOLATED)
_23558_/A                               0.750000    0.866620   -0.116620 (VIOLATED)
_23557_/A                               0.750000    0.866618   -0.116618 (VIOLATED)
place8458/X                             0.750000    0.866316   -0.116316 (VIOLATED)
_19269_/A2                              0.750000    0.866309   -0.116309 (VIOLATED)
_19430_/B2                              0.750000    0.866199   -0.116199 (VIOLATED)
_19268_/X                               0.750000    0.866185   -0.116185 (VIOLATED)
_13807_/A0                              0.750000    0.865404   -0.115404 (VIOLATED)
place7031/A                             0.750000    0.865389   -0.115389 (VIOLATED)
_13873_/A0                              0.750000    0.865361   -0.115361 (VIOLATED)
_13906_/A1                              0.750000    0.865308   -0.115308 (VIOLATED)
_25945_/X                               0.750000    0.864006   -0.114006 (VIOLATED)
_20830_/A1                              0.750000    0.862787   -0.112787 (VIOLATED)
_22044_/A1                              0.750000    0.862674   -0.112674 (VIOLATED)
_21469_/A0                              0.750000    0.862654   -0.112654 (VIOLATED)
_21115_/A0                              0.750000    0.862635   -0.112635 (VIOLATED)
_21465_/A0                              0.750000    0.862617   -0.112617 (VIOLATED)
_21870_/A1                              0.750000    0.862616   -0.112616 (VIOLATED)
_22098_/A1                              0.750000    0.862607   -0.112607 (VIOLATED)
_22134_/A1                              0.750000    0.862599   -0.112599 (VIOLATED)
_21090_/A0                              0.750000    0.862379   -0.112379 (VIOLATED)
_14979_/A0                              0.750000    0.862228   -0.112228 (VIOLATED)
ANTENNA_122/DIODE                       0.750000    0.862225   -0.112225 (VIOLATED)
_15034_/A0                              0.750000    0.862199   -0.112199 (VIOLATED)
ANTENNA_123/DIODE                       0.750000    0.862195   -0.112195 (VIOLATED)
_14649_/A1                              0.750000    0.862182   -0.112182 (VIOLATED)
ANTENNA_120/DIODE                       0.750000    0.862179   -0.112179 (VIOLATED)
place8151/X                             0.750000    0.861984   -0.111984 (VIOLATED)
_19641_/B1                              0.750000    0.861970   -0.111970 (VIOLATED)
_19122_/B1                              0.750000    0.861882   -0.111882 (VIOLATED)
_19120_/Y                               0.750000    0.861841   -0.111841 (VIOLATED)
_23282_/B                               0.750000    0.861702   -0.111702 (VIOLATED)
ANTENNA_103/DIODE                       0.750000    0.861700   -0.111700 (VIOLATED)
_24369_/A1                              0.750000    0.861690   -0.111690 (VIOLATED)
ANTENNA_125/DIODE                       0.750000    0.861679   -0.111679 (VIOLATED)
_24748_/A2                              0.750000    0.861639   -0.111639 (VIOLATED)
_22428_/Y                               0.750000    0.861580   -0.111580 (VIOLATED)
_14873_/A1                              0.750000    0.861375   -0.111375 (VIOLATED)
ANTENNA_121/DIODE                       0.750000    0.861374   -0.111374 (VIOLATED)
_20162_/A1                              0.750000    0.861322   -0.111323 (VIOLATED)
_20160_/A                               0.750000    0.861314   -0.111314 (VIOLATED)
_23867_/A                               0.750000    0.861259   -0.111259 (VIOLATED)
_23948_/A0                              0.750000    0.861106   -0.111106 (VIOLATED)
_20316_/B2                              0.750000    0.861098   -0.111098 (VIOLATED)
_22718_/B                               0.750000    0.861085   -0.111085 (VIOLATED)
ANTENNA_124/DIODE                       0.750000    0.861080   -0.111080 (VIOLATED)
_21624_/C                               0.750000    0.861055   -0.111055 (VIOLATED)
_19952_/A0                              0.750000    0.861049   -0.111049 (VIOLATED)
_21633_/A                               0.750000    0.861039   -0.111039 (VIOLATED)
_22853_/A1                              0.750000    0.860885   -0.110885 (VIOLATED)
_23850_/X                               0.750000    0.860733   -0.110733 (VIOLATED)
_15487_/A2                              0.750000    0.860668   -0.110668 (VIOLATED)
_15461_/B                               0.750000    0.860651   -0.110651 (VIOLATED)
_24780_/A1                              0.750000    0.860569   -0.110569 (VIOLATED)
_26093_/A                               0.750000    0.860560   -0.110560 (VIOLATED)
_22717_/X                               0.750000    0.860548   -0.110548 (VIOLATED)
_15478_/A1                              0.750000    0.860530   -0.110530 (VIOLATED)
place8572/X                             0.750000    0.860430   -0.110430 (VIOLATED)
_24953_/B1                              0.750000    0.859673   -0.109673 (VIOLATED)
place7657/A                             0.750000    0.859611   -0.109611 (VIOLATED)
_24616_/B1                              0.750000    0.859556   -0.109556 (VIOLATED)
place7655/A                             0.750000    0.859537   -0.109537 (VIOLATED)
_24582_/A2                              0.750000    0.859469   -0.109469 (VIOLATED)
_24649_/A2                              0.750000    0.859461   -0.109461 (VIOLATED)
_25406_/A2                              0.750000    0.859235   -0.109235 (VIOLATED)
_24703_/A2                              0.750000    0.859062   -0.109062 (VIOLATED)
_24708_/A1                              0.750000    0.859003   -0.109003 (VIOLATED)
_19921_/A                               0.750000    0.858982   -0.108982 (VIOLATED)
_14694_/A1                              0.750000    0.858961   -0.108961 (VIOLATED)
_25524_/B1                              0.750000    0.858910   -0.108910 (VIOLATED)
_25885_/A                               0.750000    0.858897   -0.108897 (VIOLATED)
_25887_/A1                              0.750000    0.858886   -0.108886 (VIOLATED)
_25930_/A                               0.750000    0.858884   -0.108884 (VIOLATED)
_25931_/A1                              0.750000    0.858884   -0.108884 (VIOLATED)
_15345_/B                               0.750000    0.858868   -0.108868 (VIOLATED)
_15344_/B                               0.750000    0.858866   -0.108866 (VIOLATED)
_24538_/D                               0.750000    0.858828   -0.108828 (VIOLATED)
_15366_/A0                              0.750000    0.858822   -0.108822 (VIOLATED)
_28453_/Q                               0.750000    0.858822   -0.108822 (VIOLATED)
place7658/X                             0.750000    0.858790   -0.108790 (VIOLATED)
_14025_/S                               0.750000    0.858347   -0.108347 (VIOLATED)
_14022_/S                               0.750000    0.858325   -0.108325 (VIOLATED)
_13996_/S                               0.750000    0.858144   -0.108144 (VIOLATED)
_14018_/S                               0.750000    0.858136   -0.108136 (VIOLATED)
_14002_/S                               0.750000    0.858111   -0.108111 (VIOLATED)
_14021_/S                               0.750000    0.858105   -0.108105 (VIOLATED)
_13998_/S                               0.750000    0.857966   -0.107966 (VIOLATED)
_14008_/S                               0.750000    0.857916   -0.107916 (VIOLATED)
place7163/X                             0.750000    0.857876   -0.107876 (VIOLATED)
_23961_/A1                              0.750000    0.857030   -0.107030 (VIOLATED)
_26666_/B                               0.750000    0.857007   -0.107007 (VIOLATED)
_26665_/B                               0.750000    0.857005   -0.107005 (VIOLATED)
_20050_/A0                              0.750000    0.856972   -0.106972 (VIOLATED)
_15829_/B                               0.750000    0.856969   -0.106969 (VIOLATED)
_15830_/B                               0.750000    0.856966   -0.106966 (VIOLATED)
_26670_/A                               0.750000    0.856962   -0.106962 (VIOLATED)
_26671_/A                               0.750000    0.856962   -0.106962 (VIOLATED)
_24984_/A1                              0.750000    0.856934   -0.106935 (VIOLATED)
_15850_/A0                              0.750000    0.856910   -0.106910 (VIOLATED)
_28474_/Q                               0.750000    0.856901   -0.106901 (VIOLATED)
_20190_/B                               0.750000    0.856843   -0.106843 (VIOLATED)
_22601_/A                               0.750000    0.856842   -0.106842 (VIOLATED)
_30249_/Q                               0.750000    0.856836   -0.106836 (VIOLATED)
_24052_/B1                              0.750000    0.856308   -0.106308 (VIOLATED)
_14449_/B                               0.750000    0.856304   -0.106304 (VIOLATED)
_24022_/Y                               0.750000    0.856296   -0.106296 (VIOLATED)
_20048_/A0                              0.750000    0.856088   -0.106088 (VIOLATED)
_15843_/A0                              0.750000    0.856075   -0.106075 (VIOLATED)
_17707_/A1                              0.750000    0.856073   -0.106073 (VIOLATED)
_15841_/Y                               0.750000    0.856047   -0.106048 (VIOLATED)
_19379_/A0                              0.750000    0.855984   -0.105984 (VIOLATED)
ANTENNA_364/DIODE                       0.750000    0.855977   -0.105977 (VIOLATED)
_19567_/A0                              0.750000    0.855788   -0.105788 (VIOLATED)
ANTENNA_328/DIODE                       0.750000    0.855788   -0.105788 (VIOLATED)
_17157_/A0                              0.750000    0.855782   -0.105782 (VIOLATED)
_17798_/B2                              0.750000    0.855770   -0.105770 (VIOLATED)
_26363_/A1                              0.750000    0.855723   -0.105723 (VIOLATED)
_14644_/B1                              0.750000    0.855439   -0.105439 (VIOLATED)
place7351/A                             0.750000    0.855437   -0.105437 (VIOLATED)
_14663_/B1                              0.750000    0.855429   -0.105429 (VIOLATED)
_14651_/B1                              0.750000    0.855429   -0.105429 (VIOLATED)
_14635_/B1                              0.750000    0.855416   -0.105417 (VIOLATED)
place7350/A                             0.750000    0.855410   -0.105410 (VIOLATED)
_17917_/A                               0.750000    0.855403   -0.105403 (VIOLATED)
_17918_/A1                              0.750000    0.855402   -0.105402 (VIOLATED)
_24312_/B                               0.750000    0.855385   -0.105385 (VIOLATED)
_14625_/Y                               0.750000    0.855379   -0.105379 (VIOLATED)
_17920_/A1                              0.750000    0.855379   -0.105379 (VIOLATED)
_17092_/A0                              0.750000    0.855341   -0.105341 (VIOLATED)
place8417/X                             0.750000    0.855301   -0.105301 (VIOLATED)
_19621_/A                               0.750000    0.855101   -0.105101 (VIOLATED)
_18519_/A                               0.750000    0.855096   -0.105096 (VIOLATED)
_25869_/C                               0.750000    0.855040   -0.105040 (VIOLATED)
_23659_/B2                              0.750000    0.855038   -0.105038 (VIOLATED)
_19345_/A0                              0.750000    0.855030   -0.105030 (VIOLATED)
ANTENNA_335/DIODE                       0.750000    0.855026   -0.105026 (VIOLATED)
_23277_/B                               0.750000    0.855019   -0.105019 (VIOLATED)
_22431_/Y                               0.750000    0.854980   -0.104980 (VIOLATED)
_19188_/A2                              0.750000    0.854954   -0.104954 (VIOLATED)
_19497_/A0                              0.750000    0.854937   -0.104937 (VIOLATED)
_23287_/B1                              0.750000    0.854905   -0.104905 (VIOLATED)
_19716_/A                               0.750000    0.854879   -0.104879 (VIOLATED)
_26583_/A1                              0.750000    0.854725   -0.104726 (VIOLATED)
_16961_/A0                              0.750000    0.854719   -0.104720 (VIOLATED)
place8450/X                             0.750000    0.854705   -0.104705 (VIOLATED)
_15369_/A                               0.750000    0.854510   -0.104510 (VIOLATED)
_15368_/A                               0.750000    0.854472   -0.104472 (VIOLATED)
_26665_/A                               0.750000    0.854345   -0.104345 (VIOLATED)
_26666_/A                               0.750000    0.854298   -0.104298 (VIOLATED)
_26674_/A1                              0.750000    0.854220   -0.104220 (VIOLATED)
place8537/A                             0.750000    0.854049   -0.104049 (VIOLATED)
_23387_/A                               0.750000    0.853922   -0.103922 (VIOLATED)
_24523_/A                               0.750000    0.853832   -0.103832 (VIOLATED)
_20908_/B2                              0.750000    0.853804   -0.103804 (VIOLATED)
_23372_/A                               0.750000    0.853635   -0.103635 (VIOLATED)
_21100_/A0                              0.750000    0.853218   -0.103218 (VIOLATED)
_20845_/A1                              0.750000    0.853209   -0.103209 (VIOLATED)
_17843_/A1                              0.750000    0.852988   -0.102988 (VIOLATED)
ANTENNA_88/DIODE                        0.750000    0.852986   -0.102986 (VIOLATED)
_20942_/A1                              0.750000    0.852950   -0.102950 (VIOLATED)
_17842_/Y                               0.750000    0.852929   -0.102929 (VIOLATED)
_19602_/A                               0.750000    0.852842   -0.102842 (VIOLATED)
_19606_/A1                              0.750000    0.852842   -0.102842 (VIOLATED)
_19603_/B1                              0.750000    0.852841   -0.102841 (VIOLATED)
_19611_/B                               0.750000    0.852835   -0.102835 (VIOLATED)
_23674_/A1                              0.750000    0.852829   -0.102829 (VIOLATED)
place8499/A                             0.750000    0.852804   -0.102804 (VIOLATED)
_19303_/A                               0.750000    0.852798   -0.102798 (VIOLATED)
place8500/X                             0.750000    0.852733   -0.102733 (VIOLATED)
_17865_/A                               0.750000    0.852703   -0.102703 (VIOLATED)
_24302_/A                               0.750000    0.852696   -0.102696 (VIOLATED)
_17772_/A1                              0.750000    0.852641   -0.102641 (VIOLATED)
_17144_/A0                              0.750000    0.852625   -0.102625 (VIOLATED)
_22127_/A0                              0.750000    0.852451   -0.102451 (VIOLATED)
ANTENNA_216/DIODE                       0.750000    0.852436   -0.102436 (VIOLATED)
_25894_/A1                              0.750000    0.852432   -0.102432 (VIOLATED)
_17079_/A0                              0.750000    0.852296   -0.102296 (VIOLATED)
_24495_/A1                              0.750000    0.852220   -0.102220 (VIOLATED)
_20047_/A0                              0.750000    0.852137   -0.102137 (VIOLATED)
_15909_/A1                              0.750000    0.852085   -0.102085 (VIOLATED)
_15910_/A1                              0.750000    0.852075   -0.102075 (VIOLATED)
_19365_/A                               0.750000    0.852047   -0.102047 (VIOLATED)
place8431/X                             0.750000    0.851982   -0.101982 (VIOLATED)
_22014_/A1                              0.750000    0.851954   -0.101954 (VIOLATED)
_22091_/A0                              0.750000    0.851769   -0.101769 (VIOLATED)
_21848_/B2                              0.750000    0.851664   -0.101664 (VIOLATED)
_23775_/A2                              0.750000    0.851652   -0.101652 (VIOLATED)
_25519_/A2                              0.750000    0.851589   -0.101589 (VIOLATED)
_25243_/A1                              0.750000    0.851583   -0.101583 (VIOLATED)
_25518_/A2                              0.750000    0.851582   -0.101582 (VIOLATED)
_17127_/A1                              0.750000    0.851577   -0.101577 (VIOLATED)
_15892_/A0                              0.750000    0.851439   -0.101439 (VIOLATED)
place8538/X                             0.750000    0.851404   -0.101404 (VIOLATED)
place8520/X                             0.750000    0.851396   -0.101396 (VIOLATED)
place8202/X                             0.750000    0.850903   -0.100903 (VIOLATED)
_19373_/A0                              0.750000    0.850551   -0.100551 (VIOLATED)
_17894_/A                               0.750000    0.850308   -0.100308 (VIOLATED)
_17893_/A                               0.750000    0.850300   -0.100300 (VIOLATED)
_24308_/B                               0.750000    0.850169   -0.100169 (VIOLATED)
_24307_/A                               0.750000    0.850147   -0.100147 (VIOLATED)
_17151_/A0                              0.750000    0.849837   -0.099837 (VIOLATED)
_17086_/A0                              0.750000    0.849766   -0.099766 (VIOLATED)
_19555_/A0                              0.750000    0.849739   -0.099739 (VIOLATED)
_18874_/B1                              0.750000    0.849710   -0.099710 (VIOLATED)
_26145_/A0                              0.750000    0.849685   -0.099685 (VIOLATED)
_17786_/B2                              0.750000    0.849644   -0.099644 (VIOLATED)
_19418_/A1_N                            0.750000    0.849623   -0.099623 (VIOLATED)
_18873_/Y                               0.750000    0.849620   -0.099620 (VIOLATED)
place8423/X                             0.750000    0.849602   -0.099602 (VIOLATED)
_14793_/B1                              0.750000    0.848183   -0.098183 (VIOLATED)
_14791_/B1                              0.750000    0.848183   -0.098183 (VIOLATED)
place8101/A                             0.750000    0.848175   -0.098175 (VIOLATED)
_14675_/B2                              0.750000    0.848175   -0.098175 (VIOLATED)
_14795_/B1                              0.750000    0.848174   -0.098174 (VIOLATED)
_14797_/B1                              0.750000    0.848172   -0.098172 (VIOLATED)
_14673_/Y                               0.750000    0.848171   -0.098171 (VIOLATED)
_14124_/S                               0.750000    0.847100   -0.097100 (VIOLATED)
_14121_/S                               0.750000    0.847086   -0.097086 (VIOLATED)
_14101_/S                               0.750000    0.846549   -0.096549 (VIOLATED)
_26686_/A                               0.750000    0.846501   -0.096501 (VIOLATED)
_17757_/A1                              0.750000    0.846496   -0.096496 (VIOLATED)
_17755_/A1                              0.750000    0.846491   -0.096491 (VIOLATED)
_25342_/A                               0.750000    0.846486   -0.096486 (VIOLATED)
_26657_/A1                              0.750000    0.846473   -0.096473 (VIOLATED)
_26516_/A                               0.750000    0.846465   -0.096465 (VIOLATED)
_26621_/B2                              0.750000    0.846445   -0.096445 (VIOLATED)
place7091/A                             0.750000    0.846428   -0.096428 (VIOLATED)
_25333_/Y                               0.750000    0.846424   -0.096424 (VIOLATED)
_14095_/S                               0.750000    0.846335   -0.096335 (VIOLATED)
_14117_/S                               0.750000    0.846302   -0.096302 (VIOLATED)
_20562_/B1                              0.750000    0.846229   -0.096229 (VIOLATED)
_20709_/B1                              0.750000    0.846225   -0.096225 (VIOLATED)
_20570_/B1                              0.750000    0.846214   -0.096214 (VIOLATED)
_14120_/S                               0.750000    0.846202   -0.096202 (VIOLATED)
_24253_/B                               0.750000    0.846113   -0.096113 (VIOLATED)
_21548_/A2                              0.750000    0.846100   -0.096100 (VIOLATED)
_20679_/B1                              0.750000    0.846031   -0.096031 (VIOLATED)
_14432_/C                               0.750000    0.846029   -0.096029 (VIOLATED)
_24252_/X                               0.750000    0.845988   -0.095988 (VIOLATED)
_14097_/S                               0.750000    0.845917   -0.095917 (VIOLATED)
_25788_/C                               0.750000    0.845563   -0.095563 (VIOLATED)
_25781_/A2                              0.750000    0.845551   -0.095551 (VIOLATED)
_14107_/S                               0.750000    0.845520   -0.095520 (VIOLATED)
_14113_/S                               0.750000    0.845397   -0.095397 (VIOLATED)
place7156/X                             0.750000    0.845397   -0.095397 (VIOLATED)
_25778_/Y                               0.750000    0.845326   -0.095326 (VIOLATED)
place7293/A                             0.750000    0.845323   -0.095323 (VIOLATED)
_24623_/S                               0.750000    0.845316   -0.095316 (VIOLATED)
_24674_/S                               0.750000    0.845306   -0.095306 (VIOLATED)
_24645_/S                               0.750000    0.845293   -0.095293 (VIOLATED)
_24658_/S                               0.750000    0.845287   -0.095287 (VIOLATED)
_24588_/S                               0.750000    0.845281   -0.095281 (VIOLATED)
_24608_/S                               0.750000    0.845277   -0.095277 (VIOLATED)
_24565_/Y                               0.750000    0.845270   -0.095270 (VIOLATED)
_19905_/A2                              0.750000    0.844291   -0.094291 (VIOLATED)
_15316_/A2                              0.750000    0.844279   -0.094279 (VIOLATED)
_17684_/A1                              0.750000    0.844275   -0.094275 (VIOLATED)
_15313_/Y                               0.750000    0.844261   -0.094261 (VIOLATED)
_15530_/A1                              0.750000    0.843766   -0.093766 (VIOLATED)
_25370_/A1                              0.750000    0.843444   -0.093444 (VIOLATED)
_25371_/A1                              0.750000    0.843409   -0.093409 (VIOLATED)
_14565_/A0                              0.750000    0.843397   -0.093397 (VIOLATED)
_14531_/A0                              0.750000    0.843386   -0.093386 (VIOLATED)
_20089_/A0                              0.750000    0.843332   -0.093332 (VIOLATED)
_25971_/A                               0.750000    0.843319   -0.093319 (VIOLATED)
_25357_/B1                              0.750000    0.843311   -0.093312 (VIOLATED)
_19813_/A0                              0.750000    0.843301   -0.093301 (VIOLATED)
_25379_/A1                              0.750000    0.843299   -0.093299 (VIOLATED)
_24946_/C                               0.750000    0.843294   -0.093294 (VIOLATED)
_25375_/B1                              0.750000    0.843269   -0.093269 (VIOLATED)
_20911_/B2                              0.750000    0.843231   -0.093231 (VIOLATED)
_20851_/A1                              0.750000    0.843222   -0.093223 (VIOLATED)
_20963_/A1                              0.750000    0.843187   -0.093187 (VIOLATED)
_26006_/A                               0.750000    0.843162   -0.093162 (VIOLATED)
_25973_/A1                              0.750000    0.843150   -0.093150 (VIOLATED)
_24945_/X                               0.750000    0.843035   -0.093035 (VIOLATED)
place8183/X                             0.750000    0.843022   -0.093022 (VIOLATED)
_22028_/A1                              0.750000    0.842944   -0.092944 (VIOLATED)
_21859_/A1                              0.750000    0.842941   -0.092941 (VIOLATED)
_22130_/A0                              0.750000    0.842939   -0.092939 (VIOLATED)
_22094_/A0                              0.750000    0.842938   -0.092938 (VIOLATED)
_21103_/A0                              0.750000    0.842905   -0.092905 (VIOLATED)
_22600_/A                               0.750000    0.842854   -0.092854 (VIOLATED)
ANTENNA_105/DIODE                       0.750000    0.842820   -0.092820 (VIOLATED)
_24609_/A1                              0.750000    0.842750   -0.092751 (VIOLATED)
_19981_/A0                              0.750000    0.842736   -0.092736 (VIOLATED)
_15604_/A1                              0.750000    0.842579   -0.092579 (VIOLATED)
_26300_/A1                              0.750000    0.842535   -0.092535 (VIOLATED)
_26276_/A1                              0.750000    0.842526   -0.092526 (VIOLATED)
_15890_/A0                              0.750000    0.842504   -0.092504 (VIOLATED)
place8199/X                             0.750000    0.842476   -0.092476 (VIOLATED)
place8540/X                             0.750000    0.842227   -0.092227 (VIOLATED)
place7679/A                             0.750000    0.841180   -0.091180 (VIOLATED)
place7677/A                             0.750000    0.841140   -0.091140 (VIOLATED)
_24106_/A                               0.750000    0.841097   -0.091097 (VIOLATED)
_22156_/A                               0.750000    0.841095   -0.091095 (VIOLATED)
_20949_/A0                              0.750000    0.841083   -0.091083 (VIOLATED)
ANTENNA_183/DIODE                       0.750000    0.841080   -0.091081 (VIOLATED)
_24852_/A2                              0.750000    0.841020   -0.091020 (VIOLATED)
_22140_/A                               0.750000    0.840963   -0.090964 (VIOLATED)
_23794_/Y                               0.750000    0.840955   -0.090955 (VIOLATED)
place8145/A                             0.750000    0.840832   -0.090832 (VIOLATED)
_19784_/A                               0.750000    0.840735   -0.090735 (VIOLATED)
_24626_/B1                              0.750000    0.840597   -0.090597 (VIOLATED)
_24651_/B1                              0.750000    0.840425   -0.090425 (VIOLATED)
_24847_/B2                              0.750000    0.840231   -0.090231 (VIOLATED)
_24838_/B                               0.750000    0.840225   -0.090225 (VIOLATED)
_22601_/B                               0.750000    0.840212   -0.090212 (VIOLATED)
_25298_/A1                              0.750000    0.840151   -0.090151 (VIOLATED)
_25454_/A0                              0.750000    0.840143   -0.090143 (VIOLATED)
_20190_/C                               0.750000    0.840134   -0.090134 (VIOLATED)
place7680/A                             0.750000    0.839994   -0.089994 (VIOLATED)
_25388_/B                               0.750000    0.839847   -0.089847 (VIOLATED)
_26267_/A2                              0.750000    0.839805   -0.089805 (VIOLATED)
_25389_/B                               0.750000    0.839791   -0.089791 (VIOLATED)
_22599_/X                               0.750000    0.839636   -0.089636 (VIOLATED)
_25496_/A0                              0.750000    0.839402   -0.089402 (VIOLATED)
_26264_/A2                              0.750000    0.839381   -0.089381 (VIOLATED)
_25255_/A1                              0.750000    0.839374   -0.089374 (VIOLATED)
place8468/X                             0.750000    0.839326   -0.089326 (VIOLATED)
_22171_/A1                              0.750000    0.838831   -0.088831 (VIOLATED)
_22162_/A1                              0.750000    0.838764   -0.088764 (VIOLATED)
_24237_/A0                              0.750000    0.838609   -0.088609 (VIOLATED)
_22153_/A1                              0.750000    0.838557   -0.088557 (VIOLATED)
_22189_/A0                              0.750000    0.838395   -0.088395 (VIOLATED)
_22180_/A0                              0.750000    0.838270   -0.088271 (VIOLATED)
place8032/A                             0.750000    0.838244   -0.088244 (VIOLATED)
place8036/A                             0.750000    0.838234   -0.088234 (VIOLATED)
_16617_/C1                              0.750000    0.838185   -0.088185 (VIOLATED)
_16806_/C1                              0.750000    0.838173   -0.088173 (VIOLATED)
place8146/X                             0.750000    0.838121   -0.088121 (VIOLATED)
_16950_/C1                              0.750000    0.838033   -0.088033 (VIOLATED)
_16914_/C1                              0.750000    0.837752   -0.087752 (VIOLATED)
_16581_/C1                              0.750000    0.837712   -0.087712 (VIOLATED)
_24750_/C                               0.750000    0.837432   -0.087432 (VIOLATED)
_24521_/A                               0.750000    0.837430   -0.087430 (VIOLATED)
_19798_/A1                              0.750000    0.837405   -0.087405 (VIOLATED)
place7681/X                             0.750000    0.837396   -0.087396 (VIOLATED)
_14550_/A1                              0.750000    0.837379   -0.087379 (VIOLATED)
_14516_/A1                              0.750000    0.837300   -0.087300 (VIOLATED)
_20074_/A1                              0.750000    0.837239   -0.087239 (VIOLATED)
_14612_/A1                              0.750000    0.837141   -0.087141 (VIOLATED)
_14594_/A1                              0.750000    0.837042   -0.087042 (VIOLATED)
_24749_/X                               0.750000    0.836919   -0.086919 (VIOLATED)
place8031/A                             0.750000    0.836817   -0.086817 (VIOLATED)
_18259_/A                               0.750000    0.836644   -0.086644 (VIOLATED)
_18657_/B2                              0.750000    0.836644   -0.086644 (VIOLATED)
_24371_/A1                              0.750000    0.836604   -0.086604 (VIOLATED)
_19255_/A1                              0.750000    0.836597   -0.086597 (VIOLATED)
_14650_/A1                              0.750000    0.836547   -0.086547 (VIOLATED)
_14876_/A1                              0.750000    0.836544   -0.086544 (VIOLATED)
_14980_/A0                              0.750000    0.836536   -0.086537 (VIOLATED)
_15036_/A0                              0.750000    0.836535   -0.086535 (VIOLATED)
place8546/A                             0.750000    0.836493   -0.086493 (VIOLATED)
_22391_/A                               0.750000    0.836473   -0.086473 (VIOLATED)
_23161_/B                               0.750000    0.836468   -0.086468 (VIOLATED)
_23160_/B                               0.750000    0.836460   -0.086460 (VIOLATED)
_25962_/A1                              0.750000    0.836447   -0.086447 (VIOLATED)
_23869_/A2                              0.750000    0.836440   -0.086440 (VIOLATED)
place8550/A                             0.750000    0.836437   -0.086437 (VIOLATED)
_18520_/B2                              0.750000    0.836366   -0.086366 (VIOLATED)
place8545/A                             0.750000    0.836336   -0.086336 (VIOLATED)
_19188_/A1                              0.750000    0.836304   -0.086304 (VIOLATED)
_28489_/Q                               0.750000    0.836272   -0.086272 (VIOLATED)
_19221_/A1                              0.750000    0.836260   -0.086260 (VIOLATED)
_23863_/X                               0.750000    0.836042   -0.086042 (VIOLATED)
_26335_/A                               0.750000    0.835865   -0.085865 (VIOLATED)
_24804_/A2                              0.750000    0.835841   -0.085841 (VIOLATED)
_26168_/S                               0.750000    0.835748   -0.085748 (VIOLATED)
_25680_/A                               0.750000    0.835660   -0.085660 (VIOLATED)
_15915_/X                               0.750000    0.835637   -0.085637 (VIOLATED)
_25545_/A                               0.750000    0.835617   -0.085617 (VIOLATED)
_25279_/D                               0.750000    0.835607   -0.085607 (VIOLATED)
_25712_/C1                              0.750000    0.835605   -0.085605 (VIOLATED)
place7803/A                             0.750000    0.835603   -0.085603 (VIOLATED)
_26117_/A1                              0.750000    0.835600   -0.085600 (VIOLATED)
_25983_/C1                              0.750000    0.835598   -0.085598 (VIOLATED)
_25323_/B1                              0.750000    0.835598   -0.085598 (VIOLATED)
_25260_/Y                               0.750000    0.835596   -0.085596 (VIOLATED)
_25893_/A1                              0.750000    0.835596   -0.085596 (VIOLATED)
_26323_/A1                              0.750000    0.835596   -0.085596 (VIOLATED)
_25399_/A0                              0.750000    0.835584   -0.085584 (VIOLATED)
place8174/X                             0.750000    0.835514   -0.085514 (VIOLATED)
_19480_/A                               0.750000    0.835369   -0.085369 (VIOLATED)
ANTENNA_288/DIODE                       0.750000    0.835351   -0.085351 (VIOLATED)
_23293_/B                               0.750000    0.835351   -0.085351 (VIOLATED)
_22425_/Y                               0.750000    0.835283   -0.085283 (VIOLATED)
_15506_/A2                              0.750000    0.834297   -0.084297 (VIOLATED)
_15507_/B                               0.750000    0.834291   -0.084291 (VIOLATED)
_15480_/B                               0.750000    0.834277   -0.084277 (VIOLATED)
_15502_/A2                              0.750000    0.834271   -0.084271 (VIOLATED)
_15479_/X                               0.750000    0.834241   -0.084241 (VIOLATED)
_25287_/A0                              0.750000    0.833423   -0.083423 (VIOLATED)
_25296_/A1                              0.750000    0.832887   -0.082887 (VIOLATED)
_25452_/A0                              0.750000    0.832858   -0.082858 (VIOLATED)
_25419_/A1                              0.750000    0.832745   -0.082745 (VIOLATED)
_23342_/A0                              0.750000    0.832728   -0.082728 (VIOLATED)
_24873_/A2                              0.750000    0.832722   -0.082722 (VIOLATED)
_26348_/A                               0.750000    0.832347   -0.082347 (VIOLATED)
_26349_/A1                              0.750000    0.832331   -0.082331 (VIOLATED)
_25244_/A0                              0.750000    0.832271   -0.082271 (VIOLATED)
_14614_/A1                              0.750000    0.832012   -0.082012 (VIOLATED)
_19800_/A1                              0.750000    0.831978   -0.081978 (VIOLATED)
_20076_/A1                              0.750000    0.831941   -0.081941 (VIOLATED)
_14552_/A1                              0.750000    0.831932   -0.081932 (VIOLATED)
_14518_/A1                              0.750000    0.831873   -0.081873 (VIOLATED)
_22314_/A1                              0.750000    0.831755   -0.081755 (VIOLATED)
_23263_/A1                              0.750000    0.831633   -0.081633 (VIOLATED)
_24779_/C                               0.750000    0.831356   -0.081356 (VIOLATED)
_25384_/A                               0.750000    0.831303   -0.081304 (VIOLATED)
_25253_/A1                              0.750000    0.831058   -0.081058 (VIOLATED)
_25494_/A0                              0.750000    0.831041   -0.081041 (VIOLATED)
_26337_/A2                              0.750000    0.830959   -0.080959 (VIOLATED)
place8464/X                             0.750000    0.830897   -0.080897 (VIOLATED)
_22437_/A                               0.750000    0.830864   -0.080864 (VIOLATED)
place8442/A                             0.750000    0.830738   -0.080739 (VIOLATED)
_28540_/Q                               0.750000    0.830666   -0.080666 (VIOLATED)
_13485_/S                               0.750000    0.830244   -0.080244 (VIOLATED)
_13468_/S                               0.750000    0.830232   -0.080232 (VIOLATED)
_13462_/S                               0.750000    0.830229   -0.080229 (VIOLATED)
_13482_/S                               0.750000    0.830213   -0.080213 (VIOLATED)
_13478_/S                               0.750000    0.830159   -0.080159 (VIOLATED)
_15874_/A1                              0.750000    0.830084   -0.080084 (VIOLATED)
ANTENNA_235/DIODE                       0.750000    0.830083   -0.080083 (VIOLATED)
_13489_/S                               0.750000    0.830004   -0.080004 (VIOLATED)
_13488_/S                               0.750000    0.830000   -0.080000 (VIOLATED)
_13481_/S                               0.750000    0.829978   -0.079978 (VIOLATED)
_13479_/S                               0.750000    0.829978   -0.079978 (VIOLATED)
_13480_/S                               0.750000    0.829926   -0.079926 (VIOLATED)
ANTENNA_237/DIODE                       0.750000    0.829878   -0.079878 (VIOLATED)
_25654_/A1                              0.750000    0.829829   -0.079829 (VIOLATED)
ANTENNA_236/DIODE                       0.750000    0.829771   -0.079771 (VIOLATED)
_17170_/A1                              0.750000    0.829765   -0.079765 (VIOLATED)
place7247/X                             0.750000    0.829557   -0.079557 (VIOLATED)
_15173_/A                               0.750000    0.829548   -0.079548 (VIOLATED)
_19918_/A1                              0.750000    0.829547   -0.079547 (VIOLATED)
_15172_/A                               0.750000    0.829536   -0.079536 (VIOLATED)
_14528_/A0                              0.750000    0.829494   -0.079494 (VIOLATED)
_14562_/A0                              0.750000    0.829492   -0.079492 (VIOLATED)
_17420_/A1                              0.750000    0.829473   -0.079473 (VIOLATED)
_23608_/B                               0.750000    0.829469   -0.079469 (VIOLATED)
_17421_/B2                              0.750000    0.829468   -0.079468 (VIOLATED)
_23737_/A2                              0.750000    0.829467   -0.079467 (VIOLATED)
_19810_/A0                              0.750000    0.829459   -0.079459 (VIOLATED)
_23606_/Y                               0.750000    0.829431   -0.079431 (VIOLATED)
_20086_/A0                              0.750000    0.829428   -0.079428 (VIOLATED)
_23377_/A                               0.750000    0.829425   -0.079425 (VIOLATED)
_17313_/A1                              0.750000    0.829422   -0.079422 (VIOLATED)
_14629_/B2                              0.750000    0.829286   -0.079286 (VIOLATED)
place8596/X                             0.750000    0.829205   -0.079205 (VIOLATED)
_24910_/C                               0.750000    0.829159   -0.079159 (VIOLATED)
ANTENNA_308/DIODE                       0.750000    0.829149   -0.079149 (VIOLATED)
_17193_/A0                              0.750000    0.828751   -0.078751 (VIOLATED)
_17711_/A1                              0.750000    0.828746   -0.078746 (VIOLATED)
_26540_/A1                              0.750000    0.828741   -0.078741 (VIOLATED)
_26087_/A                               0.750000    0.828683   -0.078684 (VIOLATED)
_26086_/A                               0.750000    0.828662   -0.078662 (VIOLATED)
_25213_/A1                              0.750000    0.828622   -0.078622 (VIOLATED)
_25591_/A1                              0.750000    0.828603   -0.078603 (VIOLATED)
_23465_/A0                              0.750000    0.828512   -0.078512 (VIOLATED)
_15880_/A0                              0.750000    0.828510   -0.078510 (VIOLATED)
_28485_/Q                               0.750000    0.828502   -0.078502 (VIOLATED)
_24778_/X                               0.750000    0.828494   -0.078494 (VIOLATED)
_17224_/A                               0.750000    0.828153   -0.078153 (VIOLATED)
_17223_/A                               0.750000    0.828152   -0.078152 (VIOLATED)
_17343_/B                               0.750000    0.828151   -0.078151 (VIOLATED)
place8543/A                             0.750000    0.827997   -0.077997 (VIOLATED)
_17600_/A1                              0.750000    0.827932   -0.077932 (VIOLATED)
_15897_/A1                              0.750000    0.827885   -0.077885 (VIOLATED)
_14660_/B2                              0.750000    0.827810   -0.077810 (VIOLATED)
_28183_/Q                               0.750000    0.827810   -0.077810 (VIOLATED)
_23314_/A                               0.750000    0.827521   -0.077521 (VIOLATED)
_24909_/X                               0.750000    0.827224   -0.077224 (VIOLATED)
_23322_/A                               0.750000    0.827112   -0.077112 (VIOLATED)
_25283_/A0                              0.750000    0.826925   -0.076925 (VIOLATED)
ANTENNA_334/DIODE                       0.750000    0.826922   -0.076922 (VIOLATED)
_15885_/A0                              0.750000    0.826721   -0.076721 (VIOLATED)
_17105_/B1                              0.750000    0.826700   -0.076700 (VIOLATED)
_23969_/A0                              0.750000    0.826667   -0.076667 (VIOLATED)
place8544/X                             0.750000    0.826664   -0.076664 (VIOLATED)
ANTENNA_312/DIODE                       0.750000    0.826657   -0.076657 (VIOLATED)
_20905_/B2                              0.750000    0.826651   -0.076651 (VIOLATED)
_25242_/A0                              0.750000    0.826617   -0.076617 (VIOLATED)
_20839_/A1                              0.750000    0.826407   -0.076407 (VIOLATED)
_25586_/A                               0.750000    0.826396   -0.076397 (VIOLATED)
_25587_/A1                              0.750000    0.826301   -0.076301 (VIOLATED)
_20921_/A1                              0.750000    0.826178   -0.076178 (VIOLATED)
_22124_/A0                              0.750000    0.826049   -0.076049 (VIOLATED)
_22435_/A                               0.750000    0.826017   -0.076017 (VIOLATED)
_17072_/A0                              0.750000    0.825930   -0.075930 (VIOLATED)
_22001_/A1                              0.750000    0.825921   -0.075921 (VIOLATED)
_20057_/A1                              0.750000    0.825912   -0.075912 (VIOLATED)
_25327_/A1                              0.750000    0.825883   -0.075883 (VIOLATED)
_21838_/A1                              0.750000    0.825862   -0.075862 (VIOLATED)
_22088_/A0                              0.750000    0.825859   -0.075859 (VIOLATED)
_21097_/A0                              0.750000    0.825844   -0.075844 (VIOLATED)
place8440/X                             0.750000    0.825820   -0.075820 (VIOLATED)
place8205/X                             0.750000    0.825764   -0.075764 (VIOLATED)
_24996_/A1                              0.750000    0.825424   -0.075424 (VIOLATED)
_24871_/A2                              0.750000    0.825274   -0.075275 (VIOLATED)
_24815_/B1                              0.750000    0.825272   -0.075272 (VIOLATED)
_26702_/B                               0.750000    0.825159   -0.075160 (VIOLATED)
_26705_/A                               0.750000    0.825156   -0.075156 (VIOLATED)
_19362_/A                               0.750000    0.825131   -0.075131 (VIOLATED)
_17857_/A                               0.750000    0.825044   -0.075044 (VIOLATED)
_17859_/A1                              0.750000    0.825009   -0.075009 (VIOLATED)
_24743_/B1                              0.750000    0.824946   -0.074946 (VIOLATED)
_24301_/B                               0.750000    0.824918   -0.074918 (VIOLATED)
place8433/A                             0.750000    0.824838   -0.074838 (VIOLATED)
_24665_/B1                              0.750000    0.824822   -0.074822 (VIOLATED)
_23272_/A1                              0.750000    0.824751   -0.074751 (VIOLATED)
place8434/X                             0.750000    0.824680   -0.074680 (VIOLATED)
_24594_/B1                              0.750000    0.824648   -0.074648 (VIOLATED)
_19767_/S                               0.750000    0.824384   -0.074384 (VIOLATED)
_15870_/A0                              0.750000    0.824341   -0.074341 (VIOLATED)
_28475_/Q                               0.750000    0.824341   -0.074341 (VIOLATED)
_22308_/A1                              0.750000    0.824323   -0.074323 (VIOLATED)
_24731_/A2                              0.750000    0.824287   -0.074287 (VIOLATED)
_24591_/Y                               0.750000    0.824268   -0.074268 (VIOLATED)
_23980_/A1                              0.750000    0.823735   -0.073735 (VIOLATED)
_23507_/A                               0.750000    0.823224   -0.073224 (VIOLATED)
_23506_/A                               0.750000    0.823216   -0.073216 (VIOLATED)
place8475/A                             0.750000    0.823213   -0.073213 (VIOLATED)
_22426_/A                               0.750000    0.823105   -0.073105 (VIOLATED)
place8200/A                             0.750000    0.823075   -0.073075 (VIOLATED)
_21475_/C                               0.750000    0.823073   -0.073073 (VIOLATED)
_20848_/X                               0.750000    0.823051   -0.073051 (VIOLATED)
place8562/A                             0.750000    0.822848   -0.072848 (VIOLATED)
_19586_/A1                              0.750000    0.822800   -0.072800 (VIOLATED)
_19597_/A3                              0.750000    0.822712   -0.072712 (VIOLATED)
_19593_/A2                              0.750000    0.822709   -0.072709 (VIOLATED)
ANTENNA_359/DIODE                       0.750000    0.822703   -0.072703 (VIOLATED)
_19601_/D                               0.750000    0.822700   -0.072700 (VIOLATED)
_19590_/A2                              0.750000    0.822698   -0.072698 (VIOLATED)
_26101_/A1                              0.750000    0.822673   -0.072673 (VIOLATED)
_18260_/B2                              0.750000    0.822508   -0.072508 (VIOLATED)
_19296_/A0                              0.750000    0.822360   -0.072360 (VIOLATED)
_15714_/A4                              0.750000    0.822116   -0.072116 (VIOLATED)
_15690_/B                               0.750000    0.822020   -0.072020 (VIOLATED)
_26458_/A                               0.750000    0.821967   -0.071967 (VIOLATED)
ANTENNA_316/DIODE                       0.750000    0.821940   -0.071940 (VIOLATED)
_18745_/A1                              0.750000    0.821938   -0.071938 (VIOLATED)
_19654_/A                               0.750000    0.821937   -0.071937 (VIOLATED)
_19657_/A                               0.750000    0.821923   -0.071923 (VIOLATED)
_19463_/A1                              0.750000    0.821916   -0.071916 (VIOLATED)
_26493_/A1                              0.750000    0.821913   -0.071913 (VIOLATED)
_26492_/A                               0.750000    0.821911   -0.071911 (VIOLATED)
_16493_/A0                              0.750000    0.821905   -0.071905 (VIOLATED)
_28523_/Q                               0.750000    0.821878   -0.071878 (VIOLATED)
_15707_/A1                              0.750000    0.821862   -0.071862 (VIOLATED)
_28468_/Q                               0.750000    0.821862   -0.071862 (VIOLATED)
_25337_/A1                              0.750000    0.821855   -0.071855 (VIOLATED)
_15953_/A0                              0.750000    0.821814   -0.071814 (VIOLATED)
place8508/X                             0.750000    0.821743   -0.071743 (VIOLATED)
_14610_/A1                              0.750000    0.820889   -0.070889 (VIOLATED)
_24250_/B                               0.750000    0.820873   -0.070873 (VIOLATED)
_21533_/A2                              0.750000    0.820872   -0.070872 (VIOLATED)
_21196_/A                               0.750000    0.820788   -0.070788 (VIOLATED)
_22828_/Y                               0.750000    0.820781   -0.070781 (VIOLATED)
_20072_/A1                              0.750000    0.820648   -0.070648 (VIOLATED)
_19796_/A1                              0.750000    0.820375   -0.070375 (VIOLATED)
_14548_/A1                              0.750000    0.820266   -0.070266 (VIOLATED)
_14514_/A1                              0.750000    0.820065   -0.070065 (VIOLATED)
_24719_/C                               0.750000    0.819455   -0.069455 (VIOLATED)
ANTENNA_305/DIODE                       0.750000    0.819317   -0.069317 (VIOLATED)
_24718_/X                               0.750000    0.817966   -0.067966 (VIOLATED)
_24717_/A2                              0.750000    0.817561   -0.067561 (VIOLATED)
ANTENNA_104/DIODE                       0.750000    0.817559   -0.067559 (VIOLATED)
_25937_/C                               0.750000    0.817091   -0.067091 (VIOLATED)
_23488_/A                               0.750000    0.816978   -0.066978 (VIOLATED)
_23275_/A2                              0.750000    0.816623   -0.066623 (VIOLATED)
_19314_/A                               0.750000    0.816501   -0.066501 (VIOLATED)
_22430_/Y                               0.750000    0.816444   -0.066444 (VIOLATED)
_24860_/A2                              0.750000    0.816215   -0.066215 (VIOLATED)
_26311_/A                               0.750000    0.816209   -0.066209 (VIOLATED)
_25296_/A0                              0.750000    0.816203   -0.066203 (VIOLATED)
_25454_/A1                              0.750000    0.816202   -0.066202 (VIOLATED)
_26313_/A2                              0.750000    0.816196   -0.066196 (VIOLATED)
_26312_/A2                              0.750000    0.816177   -0.066177 (VIOLATED)
_25384_/B                               0.750000    0.816160   -0.066160 (VIOLATED)
_25496_/A1                              0.750000    0.816079   -0.066079 (VIOLATED)
_25253_/A0                              0.750000    0.815991   -0.065991 (VIOLATED)
_25352_/D                               0.750000    0.815958   -0.065958 (VIOLATED)
_26298_/A1                              0.750000    0.815917   -0.065917 (VIOLATED)
place8466/X                             0.750000    0.815892   -0.065892 (VIOLATED)
_23299_/A                               0.750000    0.815890   -0.065890 (VIOLATED)
_26288_/A0                              0.750000    0.815701   -0.065701 (VIOLATED)
_17155_/A0                              0.750000    0.815700   -0.065700 (VIOLATED)
_17794_/B2                              0.750000    0.815687   -0.065687 (VIOLATED)
_17908_/A                               0.750000    0.815503   -0.065503 (VIOLATED)
_24310_/A                               0.750000    0.815490   -0.065490 (VIOLATED)
_17909_/A                               0.750000    0.815473   -0.065473 (VIOLATED)
_17090_/A0                              0.750000    0.815459   -0.065459 (VIOLATED)
place8419/X                             0.750000    0.815409   -0.065409 (VIOLATED)
_24277_/A2                              0.750000    0.815113   -0.065113 (VIOLATED)
_24224_/B                               0.750000    0.814831   -0.064831 (VIOLATED)
_24225_/B                               0.750000    0.814822   -0.064822 (VIOLATED)
place8470/A                             0.750000    0.814757   -0.064757 (VIOLATED)
_23425_/A                               0.750000    0.814755   -0.064755 (VIOLATED)
_24136_/A2                              0.750000    0.814677   -0.064677 (VIOLATED)
_24215_/A1                              0.750000    0.814637   -0.064637 (VIOLATED)
_24219_/C                               0.750000    0.814635   -0.064635 (VIOLATED)
_23183_/B                               0.750000    0.814613   -0.064613 (VIOLATED)
_24135_/X                               0.750000    0.814602   -0.064602 (VIOLATED)
_23184_/B                               0.750000    0.814587   -0.064587 (VIOLATED)
_26231_/A2                              0.750000    0.814551   -0.064551 (VIOLATED)
_22424_/A                               0.750000    0.814430   -0.064430 (VIOLATED)
_20907_/B2                              0.750000    0.814406   -0.064406 (VIOLATED)
_20843_/A1                              0.750000    0.814360   -0.064360 (VIOLATED)
_20935_/A1                              0.750000    0.814264   -0.064264 (VIOLATED)
_20825_/S                               0.750000    0.814043   -0.064043 (VIOLATED)
_20826_/S                               0.750000    0.814039   -0.064039 (VIOLATED)
_26221_/A1                              0.750000    0.813863   -0.063863 (VIOLATED)
_22126_/A0                              0.750000    0.813673   -0.063673 (VIOLATED)
_22930_/A2                              0.750000    0.813667   -0.063667 (VIOLATED)
_22932_/A2                              0.750000    0.813664   -0.063664 (VIOLATED)
_22852_/A                               0.750000    0.813656   -0.063656 (VIOLATED)
_22797_/Y                               0.750000    0.813630   -0.063630 (VIOLATED)
_16601_/A0                              0.750000    0.813564   -0.063564 (VIOLATED)
_19669_/A                               0.750000    0.813551   -0.063551 (VIOLATED)
_22090_/A0                              0.750000    0.813455   -0.063455 (VIOLATED)
_21845_/A1                              0.750000    0.813365   -0.063365 (VIOLATED)
_22010_/A1                              0.750000    0.813257   -0.063257 (VIOLATED)
_18846_/A1                              0.750000    0.813174   -0.063174 (VIOLATED)
_28526_/Q                               0.750000    0.813138   -0.063138 (VIOLATED)
_21099_/A0                              0.750000    0.813088   -0.063088 (VIOLATED)
ANTENNA_326/DIODE                       0.750000    0.813086   -0.063086 (VIOLATED)
_13823_/S                               0.750000    0.812914   -0.062914 (VIOLATED)
_13812_/S                               0.750000    0.812911   -0.062911 (VIOLATED)
_13803_/S                               0.750000    0.812822   -0.062822 (VIOLATED)
_13820_/S                               0.750000    0.812673   -0.062673 (VIOLATED)
place7175/A                             0.750000    0.812667   -0.062667 (VIOLATED)
_13816_/S                               0.750000    0.812656   -0.062656 (VIOLATED)
_13800_/S                               0.750000    0.812646   -0.062646 (VIOLATED)
place8203/X                             0.750000    0.812646   -0.062646 (VIOLATED)
_13827_/S                               0.750000    0.812640   -0.062640 (VIOLATED)
_13811_/S                               0.750000    0.812623   -0.062623 (VIOLATED)
_13806_/S                               0.750000    0.812606   -0.062606 (VIOLATED)
ANTENNA_260/DIODE                       0.750000    0.812518   -0.062518 (VIOLATED)
ANTENNA_258/DIODE                       0.750000    0.812517   -0.062517 (VIOLATED)
ANTENNA_257/DIODE                       0.750000    0.812517   -0.062517 (VIOLATED)
ANTENNA_256/DIODE                       0.750000    0.812507   -0.062507 (VIOLATED)
_15689_/B1_N                            0.750000    0.812493   -0.062493 (VIOLATED)
ANTENNA_255/DIODE                       0.750000    0.812468   -0.062468 (VIOLATED)
_20904_/B2                              0.750000    0.812450   -0.062450 (VIOLATED)
ANTENNA_265/DIODE                       0.750000    0.812448   -0.062448 (VIOLATED)
ANTENNA_263/DIODE                       0.750000    0.812447   -0.062447 (VIOLATED)
ANTENNA_259/DIODE                       0.750000    0.812442   -0.062442 (VIOLATED)
ANTENNA_261/DIODE                       0.750000    0.812440   -0.062440 (VIOLATED)
ANTENNA_262/DIODE                       0.750000    0.812438   -0.062438 (VIOLATED)
ANTENNA_264/DIODE                       0.750000    0.812435   -0.062435 (VIOLATED)
_20837_/A1                              0.750000    0.812417   -0.062417 (VIOLATED)
place7176/X                             0.750000    0.812338   -0.062338 (VIOLATED)
_20913_/A1                              0.750000    0.812335   -0.062335 (VIOLATED)
_22123_/A0                              0.750000    0.812146   -0.062146 (VIOLATED)
_21996_/A1                              0.750000    0.812113   -0.062113 (VIOLATED)
_21834_/A0                              0.750000    0.812095   -0.062095 (VIOLATED)
_22087_/A0                              0.750000    0.812090   -0.062090 (VIOLATED)
_21096_/A0                              0.750000    0.812075   -0.062075 (VIOLATED)
place8206/X                             0.750000    0.811762   -0.061762 (VIOLATED)
_26462_/A2                              0.750000    0.811404   -0.061404 (VIOLATED)
_26437_/A2                              0.750000    0.811403   -0.061403 (VIOLATED)
_26436_/Y                               0.750000    0.811391   -0.061392 (VIOLATED)
_24733_/A                               0.750000    0.811370   -0.061370 (VIOLATED)
_24732_/Y                               0.750000    0.811366   -0.061366 (VIOLATED)
_21633_/B                               0.750000    0.811165   -0.061165 (VIOLATED)
_20304_/B2                              0.750000    0.811161   -0.061161 (VIOLATED)
_21623_/B                               0.750000    0.811156   -0.061156 (VIOLATED)
_22742_/B                               0.750000    0.811149   -0.061150 (VIOLATED)
_22741_/B                               0.750000    0.811145   -0.061145 (VIOLATED)
_23667_/A1_N                            0.750000    0.810662   -0.060662 (VIOLATED)
_22740_/X                               0.750000    0.810622   -0.060623 (VIOLATED)
place8494/A                             0.750000    0.810530   -0.060530 (VIOLATED)
_25262_/A0                              0.750000    0.810148   -0.060148 (VIOLATED)
_25483_/A1                              0.750000    0.810054   -0.060054 (VIOLATED)
_21624_/D                               0.750000    0.810018   -0.060018 (VIOLATED)
_22700_/A                               0.750000    0.810016   -0.060016 (VIOLATED)
_21634_/C_N                             0.750000    0.810015   -0.060016 (VIOLATED)
_22753_/A                               0.750000    0.810013   -0.060013 (VIOLATED)
_21615_/A                               0.750000    0.810004   -0.060004 (VIOLATED)
_20328_/B2                              0.750000    0.809994   -0.059994 (VIOLATED)
_25780_/A2                              0.750000    0.809746   -0.059746 (VIOLATED)
_22698_/X                               0.750000    0.809615   -0.059615 (VIOLATED)
_23247_/B                               0.750000    0.809602   -0.059602 (VIOLATED)
_23248_/B                               0.750000    0.809583   -0.059583 (VIOLATED)
_23271_/C_N                             0.750000    0.809374   -0.059374 (VIOLATED)
place8493/A                             0.750000    0.809122   -0.059122 (VIOLATED)
_16169_/A0                              0.750000    0.809121   -0.059121 (VIOLATED)
_26500_/A2                              0.750000    0.809118   -0.059118 (VIOLATED)
place8495/X                             0.750000    0.809108   -0.059108 (VIOLATED)
_26486_/A1                              0.750000    0.809107   -0.059107 (VIOLATED)
_26483_/Y                               0.750000    0.809004   -0.059004 (VIOLATED)
_23992_/A1                              0.750000    0.808974   -0.058974 (VIOLATED)
_26632_/B                               0.750000    0.808757   -0.058757 (VIOLATED)
_26631_/B                               0.750000    0.808756   -0.058756 (VIOLATED)
_20044_/A0                              0.750000    0.808716   -0.058716 (VIOLATED)
_26636_/A                               0.750000    0.808604   -0.058604 (VIOLATED)
_26635_/A                               0.750000    0.808588   -0.058588 (VIOLATED)
_15804_/B                               0.750000    0.808582   -0.058582 (VIOLATED)
_24971_/A1                              0.750000    0.808579   -0.058579 (VIOLATED)
_15805_/B                               0.750000    0.808569   -0.058569 (VIOLATED)
_15826_/A0                              0.750000    0.808546   -0.058546 (VIOLATED)
_28473_/Q                               0.750000    0.808541   -0.058541 (VIOLATED)
_13422_/A0                              0.750000    0.807626   -0.057626 (VIOLATED)
place7044/A                             0.750000    0.807626   -0.057626 (VIOLATED)
_14089_/A0                              0.750000    0.807620   -0.057620 (VIOLATED)
_13890_/A0                              0.750000    0.807618   -0.057618 (VIOLATED)
_13923_/A1                              0.750000    0.807607   -0.057607 (VIOLATED)
_13824_/A0                              0.750000    0.807591   -0.057591 (VIOLATED)
_13857_/A0                              0.750000    0.807570   -0.057570 (VIOLATED)
_23590_/B1                              0.750000    0.807495   -0.057495 (VIOLATED)
_26692_/B                               0.750000    0.807493   -0.057493 (VIOLATED)
_26575_/X                               0.750000    0.807416   -0.057416 (VIOLATED)
_23589_/Y                               0.750000    0.807396   -0.057396 (VIOLATED)
_23262_/B                               0.750000    0.807322   -0.057322 (VIOLATED)
_23261_/B                               0.750000    0.807321   -0.057321 (VIOLATED)
_25515_/A2                              0.750000    0.807278   -0.057278 (VIOLATED)
_25285_/A0                              0.750000    0.807273   -0.057273 (VIOLATED)
_22436_/A                               0.750000    0.807197   -0.057197 (VIOLATED)
_25243_/A0                              0.750000    0.806949   -0.056949 (VIOLATED)
place8441/X                             0.750000    0.806158   -0.056158 (VIOLATED)
_17176_/A0                              0.750000    0.804554   -0.054554 (VIOLATED)
_15880_/A1                              0.750000    0.804364   -0.054364 (VIOLATED)
_25883_/A1                              0.750000    0.804340   -0.054340 (VIOLATED)
_25440_/A0                              0.750000    0.804283   -0.054283 (VIOLATED)
_17472_/B2                              0.750000    0.803958   -0.053958 (VIOLATED)
_17279_/A                               0.750000    0.803955   -0.053955 (VIOLATED)
_22561_/A                               0.750000    0.803946   -0.053946 (VIOLATED)
_14643_/A1                              0.750000    0.803935   -0.053935 (VIOLATED)
place8592/X                             0.750000    0.803871   -0.053871 (VIOLATED)
place7415/A                             0.750000    0.803620   -0.053620 (VIOLATED)
_22156_/B                               0.750000    0.803612   -0.053612 (VIOLATED)
_24106_/B                               0.750000    0.803605   -0.053605 (VIOLATED)
_24273_/B1                              0.750000    0.803580   -0.053580 (VIOLATED)
_24266_/A2                              0.750000    0.803552   -0.053552 (VIOLATED)
_24262_/C1                              0.750000    0.803544   -0.053544 (VIOLATED)
_24105_/Y                               0.750000    0.803407   -0.053408 (VIOLATED)
_26394_/S                               0.750000    0.803103   -0.053103 (VIOLATED)
_26646_/S                               0.750000    0.803089   -0.053089 (VIOLATED)
_26543_/S                               0.750000    0.803073   -0.053073 (VIOLATED)
_25796_/S                               0.750000    0.803014   -0.053014 (VIOLATED)
_20833_/A1                              0.750000    0.803003   -0.053003 (VIOLATED)
ANTENNA_184/DIODE                       0.750000    0.803002   -0.053002 (VIOLATED)
_25911_/S                               0.750000    0.802937   -0.052937 (VIOLATED)
_25438_/S                               0.750000    0.802908   -0.052908 (VIOLATED)
_26138_/S                               0.750000    0.802902   -0.052902 (VIOLATED)
_26505_/S                               0.750000    0.802899   -0.052899 (VIOLATED)
ANTENNA_186/DIODE                       0.750000    0.802818   -0.052818 (VIOLATED)
_21118_/A0                              0.750000    0.802777   -0.052777 (VIOLATED)
_25597_/S                               0.750000    0.802599   -0.052599 (VIOLATED)
place7146/X                             0.750000    0.802560   -0.052560 (VIOLATED)
_21880_/A1                              0.750000    0.802290   -0.052290 (VIOLATED)
_22057_/A1                              0.750000    0.802225   -0.052225 (VIOLATED)
_22137_/A1                              0.750000    0.802208   -0.052208 (VIOLATED)
_22101_/A1                              0.750000    0.802137   -0.052138 (VIOLATED)
ANTENNA_185/DIODE                       0.750000    0.802082   -0.052082 (VIOLATED)
_21093_/A0                              0.750000    0.802024   -0.052024 (VIOLATED)
_17189_/A0                              0.750000    0.801819   -0.051819 (VIOLATED)
_17337_/A                               0.750000    0.801715   -0.051715 (VIOLATED)
_17232_/A                               0.750000    0.801683   -0.051683 (VIOLATED)
_17231_/A                               0.750000    0.801680   -0.051680 (VIOLATED)
_17570_/B2                              0.750000    0.801674   -0.051674 (VIOLATED)
_26391_/A1                              0.750000    0.801640   -0.051640 (VIOLATED)
_25792_/A1                              0.750000    0.801637   -0.051637 (VIOLATED)
place8145/X                             0.750000    0.801626   -0.051626 (VIOLATED)
_15893_/A1                              0.750000    0.801620   -0.051620 (VIOLATED)
_14656_/B2                              0.750000    0.801604   -0.051604 (VIOLATED)
_28179_/Q                               0.750000    0.801604   -0.051604 (VIOLATED)
_13739_/S                               0.750000    0.801280   -0.051280 (VIOLATED)
_13749_/S                               0.750000    0.801252   -0.051252 (VIOLATED)
_13730_/S                               0.750000    0.801034   -0.051034 (VIOLATED)
place7238/A                             0.750000    0.800992   -0.050992 (VIOLATED)
_13746_/S                               0.750000    0.800986   -0.050986 (VIOLATED)
_13750_/S                               0.750000    0.800939   -0.050939 (VIOLATED)
_13753_/S                               0.750000    0.800556   -0.050556 (VIOLATED)
_13757_/S                               0.750000    0.800326   -0.050326 (VIOLATED)
_13756_/S                               0.750000    0.800146   -0.050146 (VIOLATED)
_20909_/B2                              0.750000    0.800132   -0.050132 (VIOLATED)
_20847_/A1                              0.750000    0.800060   -0.050060 (VIOLATED)
_13747_/S                               0.750000    0.799962   -0.049962 (VIOLATED)
_20949_/A1                              0.750000    0.799923   -0.049923 (VIOLATED)
place7239/X                             0.750000    0.799884   -0.049884 (VIOLATED)
_22128_/A0                              0.750000    0.799777   -0.049777 (VIOLATED)
_22019_/A1                              0.750000    0.799514   -0.049514 (VIOLATED)
_21851_/A0                              0.750000    0.799344   -0.049344 (VIOLATED)
_22092_/A0                              0.750000    0.799174   -0.049174 (VIOLATED)
_15155_/A                               0.750000    0.799168   -0.049168 (VIOLATED)
place7274/A                             0.750000    0.799150   -0.049150 (VIOLATED)
_15318_/C1                              0.750000    0.799138   -0.049138 (VIOLATED)
_15293_/C1                              0.750000    0.799071   -0.049071 (VIOLATED)
_21628_/A                               0.750000    0.799048   -0.049048 (VIOLATED)
_21744_/A                               0.750000    0.799046   -0.049046 (VIOLATED)
_15269_/C1                              0.750000    0.798973   -0.048973 (VIOLATED)
_13843_/A0                              0.750000    0.798948   -0.048948 (VIOLATED)
_13810_/A0                              0.750000    0.798947   -0.048947 (VIOLATED)
_21637_/A                               0.750000    0.798937   -0.048937 (VIOLATED)
_15160_/B                               0.750000    0.798934   -0.048934 (VIOLATED)
_26058_/A0                              0.750000    0.798931   -0.048931 (VIOLATED)
_15156_/B                               0.750000    0.798930   -0.048930 (VIOLATED)
_13429_/S                               0.750000    0.798927   -0.048927 (VIOLATED)
_21739_/A                               0.750000    0.798925   -0.048925 (VIOLATED)
_15217_/C1                              0.750000    0.798921   -0.048921 (VIOLATED)
_26731_/A1                              0.750000    0.798911   -0.048911 (VIOLATED)
_15246_/C1                              0.750000    0.798908   -0.048908 (VIOLATED)
_13449_/S                               0.750000    0.798906   -0.048906 (VIOLATED)
_13435_/S                               0.750000    0.798893   -0.048893 (VIOLATED)
_14603_/A1                              0.750000    0.798891   -0.048891 (VIOLATED)
place7062/A                             0.750000    0.798888   -0.048888 (VIOLATED)
_13452_/S                               0.750000    0.798876   -0.048876 (VIOLATED)
_15192_/S                               0.750000    0.798867   -0.048867 (VIOLATED)
_21101_/A0                              0.750000    0.798854   -0.048854 (VIOLATED)
_13445_/S                               0.750000    0.798836   -0.048836 (VIOLATED)
_19789_/A1                              0.750000    0.798836   -0.048836 (VIOLATED)
_24270_/B                               0.750000    0.798813   -0.048813 (VIOLATED)
_24255_/B                               0.750000    0.798812   -0.048812 (VIOLATED)
_25154_/C                               0.750000    0.798806   -0.048806 (VIOLATED)
_22827_/B                               0.750000    0.798783   -0.048783 (VIOLATED)
_22826_/B                               0.750000    0.798762   -0.048762 (VIOLATED)
_14541_/A0                              0.750000    0.798743   -0.048743 (VIOLATED)
_13448_/S                               0.750000    0.798737   -0.048737 (VIOLATED)
_14507_/A1                              0.750000    0.798731   -0.048731 (VIOLATED)
_26057_/X                               0.750000    0.798699   -0.048699 (VIOLATED)
place8201/X                             0.750000    0.798642   -0.048642 (VIOLATED)
_20065_/A1                              0.750000    0.798625   -0.048625 (VIOLATED)
_13456_/S                               0.750000    0.798617   -0.048617 (VIOLATED)
_13455_/S                               0.750000    0.798610   -0.048610 (VIOLATED)
_13440_/S                               0.750000    0.798593   -0.048593 (VIOLATED)
_13446_/S                               0.750000    0.798587   -0.048587 (VIOLATED)
_22825_/X                               0.750000    0.798447   -0.048447 (VIOLATED)
_15154_/X                               0.750000    0.798447   -0.048447 (VIOLATED)
_24605_/B                               0.750000    0.798352   -0.048352 (VIOLATED)
_14221_/S                               0.750000    0.798263   -0.048263 (VIOLATED)
_14224_/S                               0.750000    0.798256   -0.048256 (VIOLATED)
_14535_/S                               0.750000    0.798241   -0.048241 (VIOLATED)
_19882_/A2                              0.750000    0.798210   -0.048210 (VIOLATED)
_14531_/S                               0.750000    0.798207   -0.048207 (VIOLATED)
place7250/X                             0.750000    0.798182   -0.048182 (VIOLATED)
_14530_/S                               0.750000    0.798181   -0.048181 (VIOLATED)
_14217_/S                               0.750000    0.798160   -0.048160 (VIOLATED)
_14528_/S                               0.750000    0.798115   -0.048115 (VIOLATED)
_14195_/S                               0.750000    0.798084   -0.048084 (VIOLATED)
_14421_/A1                              0.750000    0.798065   -0.048065 (VIOLATED)
_14588_/A1                              0.750000    0.798058   -0.048058 (VIOLATED)
_14527_/S                               0.750000    0.798011   -0.048011 (VIOLATED)
_14529_/S                               0.750000    0.797986   -0.047986 (VIOLATED)
_17871_/A1                              0.750000    0.797738   -0.047738 (VIOLATED)
_17870_/A0                              0.750000    0.797735   -0.047735 (VIOLATED)
_24303_/B                               0.750000    0.797727   -0.047727 (VIOLATED)
_17868_/A                               0.750000    0.797724   -0.047724 (VIOLATED)
_14524_/S                               0.750000    0.797698   -0.047698 (VIOLATED)
_14197_/S                               0.750000    0.797666   -0.047666 (VIOLATED)
_14534_/S                               0.750000    0.797637   -0.047637 (VIOLATED)
_17774_/A1                              0.750000    0.797603   -0.047603 (VIOLATED)
_17145_/A0                              0.750000    0.797528   -0.047528 (VIOLATED)
_17080_/A0                              0.750000    0.797431   -0.047431 (VIOLATED)
_25921_/A0                              0.750000    0.797394   -0.047394 (VIOLATED)
_24604_/X                               0.750000    0.797373   -0.047373 (VIOLATED)
_23275_/A1                              0.750000    0.797281   -0.047281 (VIOLATED)
_14220_/S                               0.750000    0.797275   -0.047275 (VIOLATED)
_14526_/S                               0.750000    0.797242   -0.047242 (VIOLATED)
place8430/X                             0.750000    0.797235   -0.047235 (VIOLATED)
_14213_/S                               0.750000    0.797219   -0.047219 (VIOLATED)
_14207_/S                               0.750000    0.797218   -0.047218 (VIOLATED)
place7208/X                             0.750000    0.797193   -0.047193 (VIOLATED)
_14509_/S                               0.750000    0.796864   -0.046864 (VIOLATED)
_21039_/A2_N                            0.750000    0.796731   -0.046731 (VIOLATED)
_25042_/C                               0.750000    0.796720   -0.046720 (VIOLATED)
_14499_/X                               0.750000    0.796611   -0.046611 (VIOLATED)
_22677_/A                               0.750000    0.796548   -0.046548 (VIOLATED)
_22113_/B                               0.750000    0.796419   -0.046419 (VIOLATED)
_22077_/B                               0.750000    0.796373   -0.046373 (VIOLATED)
_22675_/B                               0.750000    0.796321   -0.046321 (VIOLATED)
_22674_/Y                               0.750000    0.795888   -0.045889 (VIOLATED)
_20005_/A0                              0.750000    0.795799   -0.045799 (VIOLATED)
_15206_/A                               0.750000    0.795782   -0.045782 (VIOLATED)
_15207_/A                               0.750000    0.795774   -0.045774 (VIOLATED)
_26413_/A                               0.750000    0.795666   -0.045666 (VIOLATED)
_24807_/A1                              0.750000    0.795662   -0.045662 (VIOLATED)
_26414_/A                               0.750000    0.795661   -0.045661 (VIOLATED)
_15524_/A1                              0.750000    0.795630   -0.045630 (VIOLATED)
_26197_/A2                              0.750000    0.795627   -0.045627 (VIOLATED)
_22409_/A                               0.750000    0.795618   -0.045618 (VIOLATED)
_15512_/B                               0.750000    0.795590   -0.045590 (VIOLATED)
_26422_/A1                              0.750000    0.795571   -0.045571 (VIOLATED)
_19965_/A0                              0.750000    0.795569   -0.045569 (VIOLATED)
_26163_/B1                              0.750000    0.795565   -0.045565 (VIOLATED)
_26162_/B                               0.750000    0.795529   -0.045529 (VIOLATED)
place8570/X                             0.750000    0.795440   -0.045440 (VIOLATED)
_22394_/A                               0.750000    0.795116   -0.045116 (VIOLATED)
_25282_/A1                              0.750000    0.795099   -0.045099 (VIOLATED)
place8329/A                             0.750000    0.794811   -0.044811 (VIOLATED)
place8331/A                             0.750000    0.794808   -0.044808 (VIOLATED)
_15410_/A1                              0.750000    0.794784   -0.044784 (VIOLATED)
_24501_/C                               0.750000    0.794726   -0.044726 (VIOLATED)
_24523_/C                               0.750000    0.794725   -0.044725 (VIOLATED)
place8534/X                             0.750000    0.794695   -0.044695 (VIOLATED)
_15432_/A1                              0.750000    0.794691   -0.044691 (VIOLATED)
_15476_/A                               0.750000    0.794560   -0.044560 (VIOLATED)
_19374_/A0                              0.750000    0.794522   -0.044522 (VIOLATED)
_19557_/A0                              0.750000    0.794424   -0.044424 (VIOLATED)
_23292_/A_N                             0.750000    0.794379   -0.044379 (VIOLATED)
_19859_/C1                              0.750000    0.794277   -0.044277 (VIOLATED)
_19879_/A                               0.750000    0.794245   -0.044245 (VIOLATED)
_19865_/A2                              0.750000    0.794217   -0.044217 (VIOLATED)
_19878_/D1                              0.750000    0.794216   -0.044216 (VIOLATED)
_23768_/B2                              0.750000    0.794213   -0.044213 (VIOLATED)
_26182_/A0                              0.750000    0.794185   -0.044185 (VIOLATED)
place8332/X                             0.750000    0.794176   -0.044176 (VIOLATED)
_24308_/A                               0.750000    0.794133   -0.044133 (VIOLATED)
_17896_/A_N                             0.750000    0.794129   -0.044129 (VIOLATED)
_17897_/C1                              0.750000    0.794126   -0.044126 (VIOLATED)
_17152_/A0                              0.750000    0.794089   -0.044089 (VIOLATED)
_17788_/B2                              0.750000    0.794060   -0.044060 (VIOLATED)
_17087_/A0                              0.750000    0.794045   -0.044045 (VIOLATED)
place8422/X                             0.750000    0.793989   -0.043989 (VIOLATED)
_18941_/B1                              0.750000    0.793788   -0.043788 (VIOLATED)
_19420_/B2                              0.750000    0.793720   -0.043720 (VIOLATED)
_18940_/X                               0.750000    0.793704   -0.043704 (VIOLATED)
_15293_/A2                              0.750000    0.793526   -0.043527 (VIOLATED)
_15318_/A2                              0.750000    0.793525   -0.043525 (VIOLATED)
place8095/A                             0.750000    0.793507   -0.043507 (VIOLATED)
place8097/A                             0.750000    0.793482   -0.043482 (VIOLATED)
_15159_/A3                              0.750000    0.793402   -0.043402 (VIOLATED)
_15162_/A3                              0.750000    0.793353   -0.043353 (VIOLATED)
_15269_/A2                              0.750000    0.793325   -0.043325 (VIOLATED)
place7169/A                             0.750000    0.793244   -0.043244 (VIOLATED)
_15246_/A2                              0.750000    0.793237   -0.043237 (VIOLATED)
_13888_/S                               0.750000    0.793229   -0.043229 (VIOLATED)
_15217_/A2                              0.750000    0.793219   -0.043219 (VIOLATED)
_13869_/S                               0.750000    0.793197   -0.043197 (VIOLATED)
_13865_/S                               0.750000    0.793182   -0.043182 (VIOLATED)
_14601_/A1                              0.750000    0.793158   -0.043158 (VIOLATED)
_20063_/A1                              0.750000    0.793157   -0.043157 (VIOLATED)
_13863_/S                               0.750000    0.793127   -0.043127 (VIOLATED)
_19787_/A1                              0.750000    0.793113   -0.043113 (VIOLATED)
_13875_/S                               0.750000    0.793105   -0.043105 (VIOLATED)
_13894_/S                               0.750000    0.793101   -0.043101 (VIOLATED)
_13877_/S                               0.750000    0.793083   -0.043083 (VIOLATED)
_14586_/A1                              0.750000    0.793049   -0.043049 (VIOLATED)
_22327_/A1                              0.750000    0.793033   -0.043033 (VIOLATED)
_14578_/A1                              0.750000    0.793029   -0.043029 (VIOLATED)
place7170/X                             0.750000    0.793024   -0.043024 (VIOLATED)
_19821_/B                               0.750000    0.793023   -0.043023 (VIOLATED)
_14576_/A1                              0.750000    0.792991   -0.042992 (VIOLATED)
_15190_/A2                              0.750000    0.792971   -0.042971 (VIOLATED)
_14574_/A1                              0.750000    0.792875   -0.042875 (VIOLATED)
_19772_/A1                              0.750000    0.792789   -0.042789 (VIOLATED)
_14573_/X                               0.750000    0.792679   -0.042679 (VIOLATED)
_14173_/S                               0.750000    0.791917   -0.041917 (VIOLATED)
_15158_/X                               0.750000    0.791909   -0.041909 (VIOLATED)
_14167_/S                               0.750000    0.791882   -0.041882 (VIOLATED)
_14170_/S                               0.750000    0.791772   -0.041772 (VIOLATED)
_14169_/S                               0.750000    0.791579   -0.041580 (VIOLATED)
place7661/A                             0.750000    0.791416   -0.041416 (VIOLATED)
_24963_/B1                              0.750000    0.791415   -0.041415 (VIOLATED)
_14193_/S                               0.750000    0.791412   -0.041412 (VIOLATED)
_24883_/A2                              0.750000    0.791399   -0.041399 (VIOLATED)
_24987_/A2                              0.750000    0.791393   -0.041393 (VIOLATED)
place7660/A                             0.750000    0.791380   -0.041380 (VIOLATED)
ANTENNA_324/DIODE                       0.750000    0.791377   -0.041377 (VIOLATED)
_24728_/A2                              0.750000    0.791367   -0.041367 (VIOLATED)
_20127_/A2                              0.750000    0.791366   -0.041366 (VIOLATED)
_24698_/B1                              0.750000    0.791333   -0.041333 (VIOLATED)
_26455_/A                               0.750000    0.791318   -0.041318 (VIOLATED)
_26454_/A                               0.750000    0.791317   -0.041317 (VIOLATED)
_25409_/B1                              0.750000    0.791271   -0.041271 (VIOLATED)
_26459_/A1                              0.750000    0.791271   -0.041271 (VIOLATED)
ANTENNA_323/DIODE                       0.750000    0.791268   -0.041268 (VIOLATED)
_25525_/A2                              0.750000    0.791230   -0.041230 (VIOLATED)
_14190_/S                               0.750000    0.791182   -0.041182 (VIOLATED)
place7662/X                             0.750000    0.791174   -0.041174 (VIOLATED)
_14175_/S                               0.750000    0.791116   -0.041116 (VIOLATED)
_14178_/S                               0.750000    0.790940   -0.040940 (VIOLATED)
_22396_/A                               0.750000    0.790911   -0.040911 (VIOLATED)
_14166_/S                               0.750000    0.790902   -0.040902 (VIOLATED)
_25280_/A1                              0.750000    0.790727   -0.040727 (VIOLATED)
place7214/X                             0.750000    0.790689   -0.040689 (VIOLATED)
_25238_/A1                              0.750000    0.790490   -0.040490 (VIOLATED)
_25681_/A                               0.750000    0.790326   -0.040326 (VIOLATED)
_25682_/A1                              0.750000    0.790318   -0.040318 (VIOLATED)
_25679_/A1                              0.750000    0.790315   -0.040315 (VIOLATED)
_15905_/A1                              0.750000    0.790301   -0.040301 (VIOLATED)
_15904_/A1                              0.750000    0.790299   -0.040299 (VIOLATED)
_18910_/B1                              0.750000    0.790196   -0.040196 (VIOLATED)
_15895_/A0                              0.750000    0.790190   -0.040190 (VIOLATED)
_25242_/A1                              0.750000    0.790155   -0.040155 (VIOLATED)
_25547_/A1                              0.750000    0.790152   -0.040152 (VIOLATED)
_25546_/A                               0.750000    0.790150   -0.040150 (VIOLATED)
_25544_/A1                              0.750000    0.790137   -0.040137 (VIOLATED)
_19419_/A1_N                            0.750000    0.790125   -0.040125 (VIOLATED)
_18909_/Y                               0.750000    0.790120   -0.040120 (VIOLATED)
_15893_/A0                              0.750000    0.790103   -0.040103 (VIOLATED)
place8535/X                             0.750000    0.790071   -0.040071 (VIOLATED)
place8531/X                             0.750000    0.789879   -0.039879 (VIOLATED)
place8445/A                             0.750000    0.789580   -0.039580 (VIOLATED)
_23452_/A                               0.750000    0.789529   -0.039529 (VIOLATED)
_23476_/A1                              0.750000    0.789527   -0.039527 (VIOLATED)
_22411_/A                               0.750000    0.789451   -0.039451 (VIOLATED)
place8497/A                             0.750000    0.789442   -0.039442 (VIOLATED)
_26691_/A2                              0.750000    0.789334   -0.039334 (VIOLATED)
_23176_/B                               0.750000    0.789261   -0.039261 (VIOLATED)
_23587_/A                               0.750000    0.789219   -0.039219 (VIOLATED)
_23175_/B                               0.750000    0.789176   -0.039176 (VIOLATED)
_25725_/A0                              0.750000    0.788796   -0.038796 (VIOLATED)
_19305_/A                               0.750000    0.788611   -0.038611 (VIOLATED)
_18423_/A                               0.750000    0.788609   -0.038609 (VIOLATED)
_16133_/A0                              0.750000    0.788607   -0.038607 (VIOLATED)
_19608_/A                               0.750000    0.788603   -0.038603 (VIOLATED)
_19607_/A                               0.750000    0.788594   -0.038594 (VIOLATED)
_19611_/A                               0.750000    0.788590   -0.038590 (VIOLATED)
_28513_/Q                               0.750000    0.788590   -0.038590 (VIOLATED)
_23298_/A1                              0.750000    0.787907   -0.037907 (VIOLATED)
_17922_/A                               0.750000    0.787799   -0.037799 (VIOLATED)
_24312_/A                               0.750000    0.787733   -0.037733 (VIOLATED)
_17921_/A                               0.750000    0.787730   -0.037730 (VIOLATED)
_17093_/A0                              0.750000    0.787633   -0.037633 (VIOLATED)
_20127_/A1                              0.750000    0.787627   -0.037627 (VIOLATED)
_20094_/A1                              0.750000    0.787625   -0.037625 (VIOLATED)
_17800_/B2                              0.750000    0.787615   -0.037615 (VIOLATED)
_17158_/A0                              0.750000    0.787604   -0.037604 (VIOLATED)
_26400_/A0                              0.750000    0.787588   -0.037588 (VIOLATED)
place8416/X                             0.750000    0.787574   -0.037574 (VIOLATED)
place7345/A                             0.750000    0.787553   -0.037553 (VIOLATED)
_28539_/Q                               0.750000    0.787541   -0.037541 (VIOLATED)
place8443/A                             0.750000    0.787541   -0.037541 (VIOLATED)
_19818_/A1                              0.750000    0.787502   -0.037502 (VIOLATED)
_19857_/A1                              0.750000    0.787501   -0.037501 (VIOLATED)
_24565_/A1                              0.750000    0.787467   -0.037467 (VIOLATED)
_24708_/A2                              0.750000    0.787372   -0.037372 (VIOLATED)
_23752_/C                               0.750000    0.786609   -0.036609 (VIOLATED)
place7346/X                             0.750000    0.786583   -0.036583 (VIOLATED)
_26706_/B                               0.750000    0.786079   -0.036079 (VIOLATED)
_15854_/B                               0.750000    0.786028   -0.036028 (VIOLATED)
_15858_/B                               0.750000    0.786027   -0.036027 (VIOLATED)
_15853_/B                               0.750000    0.786025   -0.036025 (VIOLATED)
place7809/A                             0.750000    0.786016   -0.036016 (VIOLATED)
place7808/A                             0.750000    0.786014   -0.036014 (VIOLATED)
_26004_/A1                              0.750000    0.786009   -0.036009 (VIOLATED)
_26705_/X                               0.750000    0.786007   -0.036007 (VIOLATED)
_26305_/B                               0.750000    0.785972   -0.035972 (VIOLATED)
_26416_/B1                              0.750000    0.785956   -0.035956 (VIOLATED)
_26383_/C                               0.750000    0.785915   -0.035915 (VIOLATED)
_25222_/Y                               0.750000    0.785843   -0.035843 (VIOLATED)
_20906_/B2                              0.750000    0.785502   -0.035502 (VIOLATED)
_20841_/A1                              0.750000    0.785469   -0.035469 (VIOLATED)
_20928_/A1                              0.750000    0.785432   -0.035432 (VIOLATED)
_22125_/A0                              0.750000    0.785273   -0.035273 (VIOLATED)
_20563_/A2                              0.750000    0.785068   -0.035068 (VIOLATED)
_20709_/A2                              0.750000    0.785038   -0.035038 (VIOLATED)
_20571_/A2                              0.750000    0.785033   -0.035033 (VIOLATED)
_22005_/A1                              0.750000    0.784968   -0.034968 (VIOLATED)
_20678_/A2                              0.750000    0.784967   -0.034967 (VIOLATED)
_24249_/B                               0.750000    0.784930   -0.034930 (VIOLATED)
_22903_/C                               0.750000    0.784882   -0.034882 (VIOLATED)
_22851_/C                               0.750000    0.784881   -0.034881 (VIOLATED)
_22848_/C                               0.750000    0.784878   -0.034878 (VIOLATED)
_20910_/B2                              0.750000    0.784807   -0.034807 (VIOLATED)
_23797_/B                               0.750000    0.784799   -0.034799 (VIOLATED)
_20849_/A1                              0.750000    0.784776   -0.034776 (VIOLATED)
_21841_/A1                              0.750000    0.784686   -0.034686 (VIOLATED)
_20956_/A1                              0.750000    0.784666   -0.034666 (VIOLATED)
_22829_/Y                               0.750000    0.784666   -0.034666 (VIOLATED)
_24265_/C                               0.750000    0.784637   -0.034637 (VIOLATED)
_22129_/A0                              0.750000    0.784619   -0.034619 (VIOLATED)
_22089_/A0                              0.750000    0.784612   -0.034612 (VIOLATED)
_25194_/A1                              0.750000    0.784604   -0.034604 (VIOLATED)
_25188_/A1                              0.750000    0.784604   -0.034604 (VIOLATED)
_21102_/A0                              0.750000    0.784586   -0.034586 (VIOLATED)
_22023_/A1                              0.750000    0.784571   -0.034571 (VIOLATED)
_24109_/A2                              0.750000    0.784558   -0.034558 (VIOLATED)
_21855_/A1                              0.750000    0.784558   -0.034558 (VIOLATED)
_24103_/B                               0.750000    0.784556   -0.034556 (VIOLATED)
_22093_/A0                              0.750000    0.784550   -0.034550 (VIOLATED)
_24115_/A3                              0.750000    0.784550   -0.034550 (VIOLATED)
place8023/A                             0.750000    0.784532   -0.034532 (VIOLATED)
_16167_/A1                              0.750000    0.784522   -0.034522 (VIOLATED)
place8024/A                             0.750000    0.784516   -0.034516 (VIOLATED)
_16258_/A1                              0.750000    0.784513   -0.034513 (VIOLATED)
_24113_/D                               0.750000    0.784494   -0.034494 (VIOLATED)
_23793_/Y                               0.750000    0.784468   -0.034468 (VIOLATED)
_24243_/A                               0.750000    0.784468   -0.034468 (VIOLATED)
_16275_/A1                              0.750000    0.784455   -0.034455 (VIOLATED)
_24375_/A1                              0.750000    0.784437   -0.034437 (VIOLATED)
ANTENNA_118/DIODE                       0.750000    0.784436   -0.034436 (VIOLATED)
ANTENNA_117/DIODE                       0.750000    0.784369   -0.034369 (VIOLATED)
_14894_/A1                              0.750000    0.784366   -0.034366 (VIOLATED)
place8026/A                             0.750000    0.784342   -0.034342 (VIOLATED)
_16510_/A1                              0.750000    0.784329   -0.034329 (VIOLATED)
_16527_/A1                              0.750000    0.784325   -0.034325 (VIOLATED)
_14652_/A1                              0.750000    0.784310   -0.034310 (VIOLATED)
place8025/A                             0.750000    0.784289   -0.034289 (VIOLATED)
_16023_/A1                              0.750000    0.784247   -0.034247 (VIOLATED)
place8200/X                             0.750000    0.784221   -0.034221 (VIOLATED)
_15040_/A0                              0.750000    0.784147   -0.034147 (VIOLATED)
_14982_/A0                              0.750000    0.784147   -0.034147 (VIOLATED)
_21098_/A0                              0.750000    0.784145   -0.034145 (VIOLATED)
_23868_/A                               0.750000    0.784128   -0.034128 (VIOLATED)
place8027/X                             0.750000    0.783932   -0.033932 (VIOLATED)
_23845_/X                               0.750000    0.783925   -0.033925 (VIOLATED)
place8204/X                             0.750000    0.783917   -0.033917 (VIOLATED)
_14050_/S                               0.750000    0.782500   -0.032500 (VIOLATED)
_14030_/S                               0.750000    0.782497   -0.032497 (VIOLATED)
place7226/A                             0.750000    0.782388   -0.032388 (VIOLATED)
_14053_/S                               0.750000    0.782365   -0.032365 (VIOLATED)
_21033_/A2                              0.750000    0.782297   -0.032297 (VIOLATED)
_25042_/B                               0.750000    0.782274   -0.032274 (VIOLATED)
_22673_/B                               0.750000    0.782159   -0.032159 (VIOLATED)
_20285_/B                               0.750000    0.782155   -0.032155 (VIOLATED)
_20280_/B1                              0.750000    0.782148   -0.032148 (VIOLATED)
_20281_/B1                              0.750000    0.782146   -0.032146 (VIOLATED)
_14057_/S                               0.750000    0.782021   -0.032021 (VIOLATED)
_22830_/B                               0.750000    0.782002   -0.032002 (VIOLATED)
_14056_/S                               0.750000    0.781855   -0.031855 (VIOLATED)
_23795_/B                               0.750000    0.781821   -0.031821 (VIOLATED)
_14043_/S                               0.750000    0.781714   -0.031714 (VIOLATED)
_14047_/S                               0.750000    0.781655   -0.031655 (VIOLATED)
_21861_/B                               0.750000    0.781629   -0.031629 (VIOLATED)
_14028_/X                               0.750000    0.781564   -0.031564 (VIOLATED)
_14041_/S                               0.750000    0.781564   -0.031564 (VIOLATED)
_23794_/B                               0.750000    0.781558   -0.031558 (VIOLATED)
place8164/X                             0.750000    0.781467   -0.031467 (VIOLATED)
_26629_/C                               0.750000    0.781056   -0.031056 (VIOLATED)
_26627_/A1                              0.750000    0.781055   -0.031055 (VIOLATED)
_26624_/Y                               0.750000    0.780896   -0.030897 (VIOLATED)
_24909_/A2                              0.750000    0.780359   -0.030359 (VIOLATED)
_25292_/A0                              0.750000    0.780279   -0.030279 (VIOLATED)
_25451_/A1                              0.750000    0.780274   -0.030274 (VIOLATED)
_22434_/A                               0.750000    0.779945   -0.029945 (VIOLATED)
_23256_/A                               0.750000    0.779918   -0.029918 (VIOLATED)
_25381_/B                               0.750000    0.779804   -0.029804 (VIOLATED)
_25380_/B                               0.750000    0.779752   -0.029752 (VIOLATED)
_26452_/S                               0.750000    0.779732   -0.029732 (VIOLATED)
_23257_/A                               0.750000    0.779391   -0.029391 (VIOLATED)
_23458_/A0                              0.750000    0.779241   -0.029241 (VIOLATED)
_25356_/B                               0.750000    0.779238   -0.029238 (VIOLATED)
_25493_/A1                              0.750000    0.779174   -0.029174 (VIOLATED)
_26450_/A2                              0.750000    0.779154   -0.029154 (VIOLATED)
_25249_/A0                              0.750000    0.779147   -0.029147 (VIOLATED)
place8459/X                             0.750000    0.779121   -0.029121 (VIOLATED)
place8439/A                             0.750000    0.779119   -0.029119 (VIOLATED)
_24298_/A                               0.750000    0.779091   -0.029091 (VIOLATED)
_28543_/Q                               0.750000    0.779064   -0.029064 (VIOLATED)
_18360_/A2                              0.750000    0.778899   -0.028899 (VIOLATED)
_18350_/A                               0.750000    0.778895   -0.028895 (VIOLATED)
_18349_/B                               0.750000    0.778890   -0.028890 (VIOLATED)
_18348_/A_N                             0.750000    0.778887   -0.028887 (VIOLATED)
_19434_/A1_N                            0.750000    0.778881   -0.028881 (VIOLATED)
_18346_/Y                               0.750000    0.778874   -0.028874 (VIOLATED)
_25700_/A1                              0.750000    0.778213   -0.028213 (VIOLATED)
_15875_/A1                              0.750000    0.778203   -0.028203 (VIOLATED)
_17171_/A1                              0.750000    0.777976   -0.027977 (VIOLATED)
_24034_/A1                              0.750000    0.777855   -0.027855 (VIOLATED)
_16241_/A1                              0.750000    0.777822   -0.027822 (VIOLATED)
_17078_/A1                              0.750000    0.777804   -0.027804 (VIOLATED)
_17429_/B2                              0.750000    0.777765   -0.027765 (VIOLATED)
_17426_/B2                              0.750000    0.777763   -0.027763 (VIOLATED)
_17316_/A1                              0.750000    0.777749   -0.027749 (VIOLATED)
_14630_/B2                              0.750000    0.777726   -0.027726 (VIOLATED)
_19996_/A0                              0.750000    0.777725   -0.027725 (VIOLATED)
place8595/X                             0.750000    0.777713   -0.027713 (VIOLATED)
_24875_/A1                              0.750000    0.777649   -0.027649 (VIOLATED)
_15641_/A1                              0.750000    0.777634   -0.027634 (VIOLATED)
_14204_/S                               0.750000    0.777615   -0.027615 (VIOLATED)
_26345_/A                               0.750000    0.777605   -0.027605 (VIOLATED)
_13867_/S                               0.750000    0.777601   -0.027601 (VIOLATED)
_13879_/S                               0.750000    0.777598   -0.027598 (VIOLATED)
_14225_/S                               0.750000    0.777586   -0.027586 (VIOLATED)
_13886_/S                               0.750000    0.777565   -0.027565 (VIOLATED)
_13866_/S                               0.750000    0.777500   -0.027500 (VIOLATED)
_13893_/S                               0.750000    0.777489   -0.027489 (VIOLATED)
_14210_/S                               0.750000    0.777456   -0.027456 (VIOLATED)
_13889_/S                               0.750000    0.777442   -0.027442 (VIOLATED)
_13878_/S                               0.750000    0.777435   -0.027435 (VIOLATED)
_13892_/S                               0.750000    0.777399   -0.027399 (VIOLATED)
_16240_/X                               0.750000    0.777395   -0.027395 (VIOLATED)
_14201_/S                               0.750000    0.777353   -0.027353 (VIOLATED)
place8565/X                             0.750000    0.777318   -0.027318 (VIOLATED)
_14208_/S                               0.750000    0.777257   -0.027257 (VIOLATED)
_13885_/S                               0.750000    0.777127   -0.027127 (VIOLATED)
_13872_/S                               0.750000    0.777118   -0.027118 (VIOLATED)
place7169/X                             0.750000    0.777100   -0.027100 (VIOLATED)
place7209/A                             0.750000    0.776995   -0.026995 (VIOLATED)
_14198_/S                               0.750000    0.776950   -0.026950 (VIOLATED)
_15345_/A                               0.750000    0.776901   -0.026901 (VIOLATED)
_15344_/A                               0.750000    0.776872   -0.026872 (VIOLATED)
_26631_/A                               0.750000    0.776779   -0.026779 (VIOLATED)
_26632_/A                               0.750000    0.776661   -0.026661 (VIOLATED)
_14218_/S                               0.750000    0.776645   -0.026646 (VIOLATED)
_14223_/S                               0.750000    0.776475   -0.026475 (VIOLATED)
_20041_/A0                              0.750000    0.776387   -0.026387 (VIOLATED)
_14222_/S                               0.750000    0.776322   -0.026322 (VIOLATED)
place7210/X                             0.750000    0.776252   -0.026253 (VIOLATED)
_13940_/S                               0.750000    0.776136   -0.026136 (VIOLATED)
_13947_/S                               0.750000    0.776114   -0.026114 (VIOLATED)
_13951_/S                               0.750000    0.776090   -0.026090 (VIOLATED)
_13931_/S                               0.750000    0.776067   -0.026067 (VIOLATED)
_24768_/A                               0.750000    0.775955   -0.025955 (VIOLATED)
_24974_/A                               0.750000    0.775955   -0.025955 (VIOLATED)
_24810_/A                               0.750000    0.775945   -0.025946 (VIOLATED)
_26642_/A1                              0.750000    0.775935   -0.025935 (VIOLATED)
_24723_/A                               0.750000    0.775935   -0.025935 (VIOLATED)
_13659_/S                               0.750000    0.775872   -0.025872 (VIOLATED)
_13954_/S                               0.750000    0.775871   -0.025871 (VIOLATED)
_24619_/A                               0.750000    0.775863   -0.025863 (VIOLATED)
_13644_/S                               0.750000    0.775810   -0.025810 (VIOLATED)
_24675_/B1                              0.750000    0.775782   -0.025782 (VIOLATED)
_13635_/S                               0.750000    0.775743   -0.025743 (VIOLATED)
_13958_/S                               0.750000    0.775737   -0.025737 (VIOLATED)
_24961_/B1                              0.750000    0.775718   -0.025718 (VIOLATED)
_14502_/A                               0.750000    0.775712   -0.025712 (VIOLATED)
_13638_/S                               0.750000    0.775658   -0.025658 (VIOLATED)
_14572_/A                               0.750000    0.775645   -0.025645 (VIOLATED)
_13957_/S                               0.750000    0.775645   -0.025645 (VIOLATED)
_24625_/B1                              0.750000    0.775550   -0.025550 (VIOLATED)
_24569_/Y                               0.750000    0.775537   -0.025537 (VIOLATED)
_13950_/S                               0.750000    0.775444   -0.025444 (VIOLATED)
place7178/A                             0.750000    0.775441   -0.025441 (VIOLATED)
place7179/A                             0.750000    0.775418   -0.025418 (VIOLATED)
_13949_/S                               0.750000    0.775387   -0.025387 (VIOLATED)
_13632_/S                               0.750000    0.775348   -0.025348 (VIOLATED)
_13835_/S                               0.750000    0.775344   -0.025344 (VIOLATED)
_13642_/S                               0.750000    0.775338   -0.025338 (VIOLATED)
_13841_/S                               0.750000    0.775302   -0.025302 (VIOLATED)
_13838_/S                               0.750000    0.775264   -0.025264 (VIOLATED)
place7231/X                             0.750000    0.775162   -0.025162 (VIOLATED)
_13861_/S                               0.750000    0.775127   -0.025127 (VIOLATED)
place7177/A                             0.750000    0.775098   -0.025098 (VIOLATED)
_25902_/A1                              0.750000    0.775085   -0.025085 (VIOLATED)
_25901_/A1                              0.750000    0.775084   -0.025084 (VIOLATED)
_13850_/S                               0.750000    0.775074   -0.025074 (VIOLATED)
_23775_/A1                              0.750000    0.775032   -0.025032 (VIOLATED)
place8524/X                             0.750000    0.775020   -0.025020 (VIOLATED)
_13834_/S                               0.750000    0.774945   -0.024945 (VIOLATED)
_25000_/A                               0.750000    0.774943   -0.024943 (VIOLATED)
_24999_/A                               0.750000    0.774939   -0.024939 (VIOLATED)
_19780_/A                               0.750000    0.774919   -0.024919 (VIOLATED)
_24323_/A3                              0.750000    0.774912   -0.024912 (VIOLATED)
_19762_/A                               0.750000    0.774904   -0.024904 (VIOLATED)
_13846_/S                               0.750000    0.774903   -0.024903 (VIOLATED)
_24563_/A                               0.750000    0.774901   -0.024901 (VIOLATED)
_19860_/A2                              0.750000    0.774888   -0.024888 (VIOLATED)
_13849_/S                               0.750000    0.774884   -0.024884 (VIOLATED)
_19865_/B1                              0.750000    0.774877   -0.024877 (VIOLATED)
_13853_/S                               0.750000    0.774854   -0.024854 (VIOLATED)
place7180/X                             0.750000    0.774819   -0.024819 (VIOLATED)
_23366_/Y                               0.750000    0.774803   -0.024803 (VIOLATED)
_13844_/S                               0.750000    0.774651   -0.024651 (VIOLATED)
_13901_/S                               0.750000    0.774364   -0.024364 (VIOLATED)
_13907_/S                               0.750000    0.774349   -0.024349 (VIOLATED)
place7173/X                             0.750000    0.774346   -0.024346 (VIOLATED)
_13916_/S                               0.750000    0.774083   -0.024083 (VIOLATED)
_24259_/C1                              0.750000    0.773745   -0.023745 (VIOLATED)
_21510_/B                               0.750000    0.773738   -0.023738 (VIOLATED)
_21540_/A2                              0.750000    0.773727   -0.023727 (VIOLATED)
_21484_/A                               0.750000    0.773725   -0.023725 (VIOLATED)
_24257_/Y                               0.750000    0.773722   -0.023722 (VIOLATED)
_13904_/S                               0.750000    0.773717   -0.023717 (VIOLATED)
_13903_/S                               0.750000    0.773653   -0.023653 (VIOLATED)
_13920_/S                               0.750000    0.773581   -0.023581 (VIOLATED)
_13897_/S                               0.750000    0.773573   -0.023573 (VIOLATED)
_13913_/S                               0.750000    0.773573   -0.023573 (VIOLATED)
_13906_/S                               0.750000    0.773572   -0.023572 (VIOLATED)
_13917_/S                               0.750000    0.773560   -0.023560 (VIOLATED)
place7164/X                             0.750000    0.773499   -0.023499 (VIOLATED)
_23332_/B                               0.750000    0.773385   -0.023385 (VIOLATED)
_15202_/A2                              0.750000    0.773384   -0.023384 (VIOLATED)
_19911_/A1                              0.750000    0.773371   -0.023371 (VIOLATED)
_23376_/A                               0.750000    0.773325   -0.023325 (VIOLATED)
_13826_/S                               0.750000    0.773323   -0.023323 (VIOLATED)
_13819_/S                               0.750000    0.773290   -0.023290 (VIOLATED)
_17710_/A1                              0.750000    0.773242   -0.023242 (VIOLATED)
_13797_/S                               0.750000    0.773235   -0.023235 (VIOLATED)
_13822_/S                               0.750000    0.773206   -0.023206 (VIOLATED)
_25208_/A1                              0.750000    0.773198   -0.023198 (VIOLATED)
_15879_/A0                              0.750000    0.773165   -0.023165 (VIOLATED)
_22439_/A                               0.750000    0.773160   -0.023160 (VIOLATED)
_28484_/Q                               0.750000    0.773160   -0.023160 (VIOLATED)
_13799_/S                               0.750000    0.773123   -0.023123 (VIOLATED)
place7176/A                             0.750000    0.773118   -0.023118 (VIOLATED)
place7174/A                             0.750000    0.773055   -0.023056 (VIOLATED)
_13809_/S                               0.750000    0.773035   -0.023035 (VIOLATED)
_13796_/X                               0.750000    0.773005   -0.023005 (VIOLATED)
_24670_/A2                              0.750000    0.772652   -0.022652 (VIOLATED)
_23653_/B1                              0.750000    0.772120   -0.022120 (VIOLATED)
_26024_/B                               0.750000    0.772120   -0.022120 (VIOLATED)
_23652_/Y                               0.750000    0.772098   -0.022098 (VIOLATED)
_23272_/A2                              0.750000    0.772079   -0.022080 (VIOLATED)
_24872_/A2                              0.750000    0.772035   -0.022035 (VIOLATED)
_22432_/Y                               0.750000    0.772031   -0.022031 (VIOLATED)
_24066_/B                               0.750000    0.772014   -0.022014 (VIOLATED)
_14893_/A1                              0.750000    0.771985   -0.021985 (VIOLATED)
_14950_/A0                              0.750000    0.771974   -0.021974 (VIOLATED)
_24355_/C                               0.750000    0.771970   -0.021970 (VIOLATED)
_15322_/C1                              0.750000    0.771954   -0.021954 (VIOLATED)
place7978/A                             0.750000    0.771951   -0.021951 (VIOLATED)
_23172_/A                               0.750000    0.771943   -0.021943 (VIOLATED)
_23970_/C_N                             0.750000    0.771932   -0.021932 (VIOLATED)
_23971_/B1_N                            0.750000    0.771928   -0.021928 (VIOLATED)
_14713_/A0                              0.750000    0.771924   -0.021924 (VIOLATED)
_25217_/A2                              0.750000    0.771917   -0.021917 (VIOLATED)
_14725_/A0                              0.750000    0.771915   -0.021915 (VIOLATED)
_23361_/B1                              0.750000    0.771904   -0.021904 (VIOLATED)
_17124_/A2                              0.750000    0.771869   -0.021870 (VIOLATED)
_23164_/Y                               0.750000    0.771869   -0.021870 (VIOLATED)
_23940_/X                               0.750000    0.771730   -0.021730 (VIOLATED)
_23300_/A2                              0.750000    0.771675   -0.021675 (VIOLATED)
_22422_/Y                               0.750000    0.771663   -0.021663 (VIOLATED)
_23969_/X                               0.750000    0.771546   -0.021546 (VIOLATED)
_15167_/A2                              0.750000    0.771173   -0.021173 (VIOLATED)
_15168_/A2                              0.750000    0.771170   -0.021170 (VIOLATED)
_20091_/A1                              0.750000    0.771062   -0.021062 (VIOLATED)
ANTENNA_355/DIODE                       0.750000    0.771057   -0.021057 (VIOLATED)
_14567_/A1                              0.750000    0.771034   -0.021034 (VIOLATED)
ANTENNA_353/DIODE                       0.750000    0.771033   -0.021033 (VIOLATED)
_19815_/A1                              0.750000    0.770990   -0.020990 (VIOLATED)
ANTENNA_354/DIODE                       0.750000    0.770990   -0.020990 (VIOLATED)
_21477_/A                               0.750000    0.770945   -0.020945 (VIOLATED)
ANTENNA_352/DIODE                       0.750000    0.770939   -0.020939 (VIOLATED)
_14533_/A1                              0.750000    0.770939   -0.020939 (VIOLATED)
place8154/A                             0.750000    0.770923   -0.020923 (VIOLATED)
_22836_/A                               0.750000    0.770853   -0.020853 (VIOLATED)
_24229_/A0                              0.750000    0.770793   -0.020793 (VIOLATED)
_14527_/A0                              0.750000    0.770786   -0.020786 (VIOLATED)
_14561_/A0                              0.750000    0.770784   -0.020784 (VIOLATED)
_22158_/A1                              0.750000    0.770755   -0.020755 (VIOLATED)
_19809_/A0                              0.750000    0.770719   -0.020719 (VIOLATED)
_20085_/A0                              0.750000    0.770669   -0.020669 (VIOLATED)
_22167_/A1                              0.750000    0.770655   -0.020655 (VIOLATED)
_14475_/A0                              0.750000    0.770647   -0.020647 (VIOLATED)
ANTENNA_356/DIODE                       0.750000    0.770578   -0.020578 (VIOLATED)
_24970_/C                               0.750000    0.770562   -0.020562 (VIOLATED)
_22185_/A0                              0.750000    0.770524   -0.020524 (VIOLATED)
_22176_/A0                              0.750000    0.770520   -0.020520 (VIOLATED)
_24898_/C                               0.750000    0.770504   -0.020504 (VIOLATED)
_22149_/A1                              0.750000    0.770501   -0.020501 (VIOLATED)
_23159_/A3                              0.750000    0.770330   -0.020330 (VIOLATED)
place8155/X                             0.750000    0.770233   -0.020233 (VIOLATED)
_24434_/D                               0.750000    0.770229   -0.020229 (VIOLATED)
_15149_/C                               0.750000    0.770113   -0.020113 (VIOLATED)
_24897_/X                               0.750000    0.770013   -0.020013 (VIOLATED)
_15158_/A2                              0.750000    0.769975   -0.019975 (VIOLATED)
_23892_/A1                              0.750000    0.769916   -0.019916 (VIOLATED)
_23158_/X                               0.750000    0.769884   -0.019884 (VIOLATED)
_24365_/A1                              0.750000    0.769556   -0.019556 (VIOLATED)
ANTENNA_127/DIODE                       0.750000    0.769554   -0.019554 (VIOLATED)
_14647_/A1                              0.750000    0.769553   -0.019554 (VIOLATED)
_14977_/A0                              0.750000    0.769520   -0.019520 (VIOLATED)
_15030_/A0                              0.750000    0.769504   -0.019504 (VIOLATED)
_14855_/A1                              0.750000    0.769492   -0.019492 (VIOLATED)
ANTENNA_126/DIODE                       0.750000    0.769485   -0.019485 (VIOLATED)
_24969_/X                               0.750000    0.769387   -0.019387 (VIOLATED)
_23867_/C                               0.750000    0.769309   -0.019309 (VIOLATED)
_18233_/A                               0.750000    0.769010   -0.019010 (VIOLATED)
_18237_/A1                              0.750000    0.769008   -0.019008 (VIOLATED)
_23857_/X                               0.750000    0.769007   -0.019007 (VIOLATED)
_18217_/Y                               0.750000    0.768999   -0.018999 (VIOLATED)
_21811_/A1                              0.750000    0.768586   -0.018586 (VIOLATED)
_21808_/A                               0.750000    0.768584   -0.018584 (VIOLATED)
place7433/A                             0.750000    0.768580   -0.018580 (VIOLATED)
_21809_/A2                              0.750000    0.768578   -0.018578 (VIOLATED)
_21776_/A2                              0.750000    0.768576   -0.018576 (VIOLATED)
_21787_/A                               0.750000    0.768557   -0.018557 (VIOLATED)
_21788_/A2                              0.750000    0.768544   -0.018544 (VIOLATED)
place7434/A                             0.750000    0.768503   -0.018503 (VIOLATED)
_21740_/Y                               0.750000    0.768497   -0.018497 (VIOLATED)
_24277_/A1                              0.750000    0.768349   -0.018349 (VIOLATED)
_14291_/S                               0.750000    0.768344   -0.018344 (VIOLATED)
_14276_/S                               0.750000    0.768264   -0.018264 (VIOLATED)
_14270_/S                               0.750000    0.768155   -0.018155 (VIOLATED)
_14267_/S                               0.750000    0.768010   -0.018010 (VIOLATED)
_26133_/A1                              0.750000    0.767998   -0.017998 (VIOLATED)
_26118_/B                               0.750000    0.767990   -0.017990 (VIOLATED)
_26109_/Y                               0.750000    0.767911   -0.017911 (VIOLATED)
_14287_/S                               0.750000    0.767717   -0.017717 (VIOLATED)
_14290_/S                               0.750000    0.767642   -0.017642 (VIOLATED)
_24224_/A                               0.750000    0.767512   -0.017512 (VIOLATED)
_24225_/A                               0.750000    0.767509   -0.017509 (VIOLATED)
_25299_/A0                              0.750000    0.767241   -0.017241 (VIOLATED)
_25466_/A1                              0.750000    0.767236   -0.017236 (VIOLATED)
_24805_/A2                              0.750000    0.767230   -0.017230 (VIOLATED)
_14283_/S                               0.750000    0.767227   -0.017227 (VIOLATED)
_24136_/A1                              0.750000    0.767203   -0.017203 (VIOLATED)
_20829_/A1                              0.750000    0.767193   -0.017193 (VIOLATED)
_20921_/A0                              0.750000    0.767181   -0.017181 (VIOLATED)
_21866_/A0                              0.750000    0.767151   -0.017152 (VIOLATED)
_21114_/A0                              0.750000    0.767145   -0.017145 (VIOLATED)
_22097_/A1                              0.750000    0.767139   -0.017139 (VIOLATED)
_22040_/A1                              0.750000    0.767133   -0.017133 (VIOLATED)
_22133_/A1                              0.750000    0.767124   -0.017124 (VIOLATED)
_21089_/A0                              0.750000    0.767114   -0.017114 (VIOLATED)
_21468_/A0                              0.750000    0.767109   -0.017109 (VIOLATED)
_21464_/A0                              0.750000    0.767088   -0.017088 (VIOLATED)
_24275_/A2                              0.750000    0.767062   -0.017062 (VIOLATED)
place8153/X                             0.750000    0.767025   -0.017025 (VIOLATED)
_25384_/C                               0.750000    0.766938   -0.016938 (VIOLATED)
_25387_/C                               0.750000    0.766932   -0.016932 (VIOLATED)
ANTENNA_107/DIODE                       0.750000    0.766793   -0.016793 (VIOLATED)
_21490_/A                               0.750000    0.766788   -0.016788 (VIOLATED)
_21456_/A                               0.750000    0.766688   -0.016688 (VIOLATED)
_24219_/A                               0.750000    0.766613   -0.016613 (VIOLATED)
ANTENNA_106/DIODE                       0.750000    0.766604   -0.016604 (VIOLATED)
_24097_/D                               0.750000    0.766575   -0.016575 (VIOLATED)
_30336_/Q                               0.750000    0.766568   -0.016568 (VIOLATED)
_14261_/S                               0.750000    0.766531   -0.016531 (VIOLATED)
_22901_/A                               0.750000    0.766462   -0.016462 (VIOLATED)
ANTENNA_108/DIODE                       0.750000    0.766462   -0.016462 (VIOLATED)
_25475_/A1                              0.750000    0.766436   -0.016436 (VIOLATED)
place7153/X                             0.750000    0.766246   -0.016246 (VIOLATED)
_25256_/A0                              0.750000    0.766061   -0.016061 (VIOLATED)
place7860/A                             0.750000    0.766035   -0.016035 (VIOLATED)
_24091_/B1                              0.750000    0.765988   -0.015988 (VIOLATED)
_26156_/A2                              0.750000    0.765804   -0.015805 (VIOLATED)
place8473/X                             0.750000    0.765790   -0.015790 (VIOLATED)
_22657_/X                               0.750000    0.765768   -0.015768 (VIOLATED)
_22768_/A                               0.750000    0.764936   -0.014936 (VIOLATED)
_22769_/B                               0.750000    0.764932   -0.014932 (VIOLATED)
_22770_/B                               0.750000    0.764920   -0.014920 (VIOLATED)
_21539_/A                               0.750000    0.764650   -0.014650 (VIOLATED)
_21491_/B                               0.750000    0.764644   -0.014644 (VIOLATED)
_22767_/X                               0.750000    0.764543   -0.014543 (VIOLATED)
_15389_/A1                              0.750000    0.762198   -0.012198 (VIOLATED)
_15407_/A                               0.750000    0.762197   -0.012197 (VIOLATED)
_15457_/A                               0.750000    0.762157   -0.012157 (VIOLATED)
_15429_/A                               0.750000    0.762144   -0.012144 (VIOLATED)
_15167_/B1_N                            0.750000    0.762125   -0.012125 (VIOLATED)
_15168_/B1_N                            0.750000    0.762124   -0.012124 (VIOLATED)
_24501_/A                               0.750000    0.762096   -0.012096 (VIOLATED)
_24531_/A                               0.750000    0.762088   -0.012088 (VIOLATED)
_24526_/A                               0.750000    0.762086   -0.012086 (VIOLATED)
_25286_/A1                              0.750000    0.761903   -0.011903 (VIOLATED)
_25360_/A2                              0.750000    0.761807   -0.011807 (VIOLATED)
_25359_/A2                              0.750000    0.761803   -0.011803 (VIOLATED)
_13436_/S                               0.750000    0.761653   -0.011653 (VIOLATED)
place7888/A                             0.750000    0.761646   -0.011646 (VIOLATED)
_16582_/C1                              0.750000    0.761639   -0.011639 (VIOLATED)
_16366_/C1                              0.750000    0.761610   -0.011610 (VIOLATED)
place7891/A                             0.750000    0.761563   -0.011563 (VIOLATED)
_13433_/S                               0.750000    0.761541   -0.011541 (VIOLATED)
_18389_/A2                              0.750000    0.761491   -0.011491 (VIOLATED)
_18381_/A                               0.750000    0.761485   -0.011485 (VIOLATED)
_18380_/B                               0.750000    0.761481   -0.011481 (VIOLATED)
_18379_/A_N                             0.750000    0.761480   -0.011480 (VIOLATED)
_19435_/A1_N                            0.750000    0.761474   -0.011474 (VIOLATED)
_18377_/Y                               0.750000    0.761471   -0.011471 (VIOLATED)
_13439_/S                               0.750000    0.761461   -0.011461 (VIOLATED)
_25517_/C                               0.750000    0.761441   -0.011441 (VIOLATED)
ANTENNA_350/DIODE                       0.750000    0.761334   -0.011334 (VIOLATED)
_15150_/C                               0.750000    0.761334   -0.011334 (VIOLATED)
_15149_/X                               0.750000    0.761320   -0.011320 (VIOLATED)
_15924_/Y                               0.750000    0.761313   -0.011313 (VIOLATED)
_13438_/S                               0.750000    0.761280   -0.011280 (VIOLATED)
_25336_/A1                              0.750000    0.761260   -0.011260 (VIOLATED)
ANTENNA_98/DIODE                        0.750000    0.761254   -0.011254 (VIOLATED)
_22392_/Y                               0.750000    0.761165   -0.011165 (VIOLATED)
_13459_/S                               0.750000    0.761106   -0.011106 (VIOLATED)
_13447_/S                               0.750000    0.760958   -0.010958 (VIOLATED)
_13451_/S                               0.750000    0.760731   -0.010731 (VIOLATED)
_13442_/S                               0.750000    0.760525   -0.010525 (VIOLATED)
_13431_/S                               0.750000    0.760478   -0.010478 (VIOLATED)
place7251/X                             0.750000    0.760424   -0.010424 (VIOLATED)
_15948_/A2                              0.750000    0.760345   -0.010345 (VIOLATED)
_15940_/A2                              0.750000    0.760343   -0.010343 (VIOLATED)
_15919_/A2                              0.750000    0.760318   -0.010318 (VIOLATED)
_15933_/A                               0.750000    0.760303   -0.010303 (VIOLATED)
_15906_/X                               0.750000    0.760261   -0.010261 (VIOLATED)
_13725_/S                               0.750000    0.759098   -0.009098 (VIOLATED)
_13722_/S                               0.750000    0.759085   -0.009085 (VIOLATED)
_19594_/A                               0.750000    0.759025   -0.009025 (VIOLATED)
_13702_/S                               0.750000    0.759015   -0.009015 (VIOLATED)
_13711_/S                               0.750000    0.759003   -0.009003 (VIOLATED)
_13705_/S                               0.750000    0.758962   -0.008962 (VIOLATED)
_19601_/C                               0.750000    0.758933   -0.008933 (VIOLATED)
_19597_/A2                              0.750000    0.758927   -0.008927 (VIOLATED)
_18332_/A1                              0.750000    0.758835   -0.008835 (VIOLATED)
_13726_/S                               0.750000    0.758832   -0.008832 (VIOLATED)
_15199_/A                               0.750000    0.758766   -0.008766 (VIOLATED)
_15200_/A                               0.750000    0.758759   -0.008759 (VIOLATED)
_19924_/A0                              0.750000    0.758656   -0.008656 (VIOLATED)
_19299_/A                               0.750000    0.758617   -0.008617 (VIOLATED)
_23377_/B                               0.750000    0.758519   -0.008519 (VIOLATED)
_25539_/A1                              0.750000    0.758447   -0.008447 (VIOLATED)
place7241/A                             0.750000    0.758424   -0.008424 (VIOLATED)
_16025_/A0                              0.750000    0.758402   -0.008402 (VIOLATED)
_23258_/B                               0.750000    0.758387   -0.008387 (VIOLATED)
place8504/X                             0.750000    0.758347   -0.008347 (VIOLATED)
_13710_/S                               0.750000    0.758237   -0.008237 (VIOLATED)
_13699_/S                               0.750000    0.758138   -0.008138 (VIOLATED)
_19672_/A                               0.750000    0.758049   -0.008049 (VIOLATED)
ANTENNA_347/DIODE                       0.750000    0.758049   -0.008049 (VIOLATED)
_17712_/A1                              0.750000    0.757723   -0.007723 (VIOLATED)
_15881_/A0                              0.750000    0.757719   -0.007719 (VIOLATED)
_23459_/A0                              0.750000    0.757719   -0.007719 (VIOLATED)
_25211_/A1                              0.750000    0.757719   -0.007719 (VIOLATED)
_28486_/Q                               0.750000    0.757719   -0.007719 (VIOLATED)
ANTENNA_3/DIODE                         0.750000    0.757561   -0.007561 (VIOLATED)
_25356_/D                               0.750000    0.757561   -0.007561 (VIOLATED)
ANTENNA_1/DIODE                         0.750000    0.757561   -0.007561 (VIOLATED)
ANTENNA_2/DIODE                         0.750000    0.757561   -0.007561 (VIOLATED)
_25355_/X                               0.750000    0.757510   -0.007510 (VIOLATED)
ANTENNA_294/DIODE                       0.750000    0.757242   -0.007242 (VIOLATED)
_14974_/A0                              0.750000    0.757242   -0.007242 (VIOLATED)
_15024_/A0                              0.750000    0.757241   -0.007241 (VIOLATED)
place7240/A                             0.750000    0.757230   -0.007230 (VIOLATED)
ANTENNA_295/DIODE                       0.750000    0.757228   -0.007228 (VIOLATED)
_24359_/A1                              0.750000    0.757190   -0.007190 (VIOLATED)
ANTENNA_296/DIODE                       0.750000    0.757189   -0.007189 (VIOLATED)
place7242/X                             0.750000    0.757183   -0.007183 (VIOLATED)
_14644_/A1                              0.750000    0.757141   -0.007141 (VIOLATED)
ANTENNA_292/DIODE                       0.750000    0.757137   -0.007137 (VIOLATED)
_14830_/A1                              0.750000    0.757085   -0.007085 (VIOLATED)
ANTENNA_293/DIODE                       0.750000    0.757080   -0.007080 (VIOLATED)
_23867_/B                               0.750000    0.756834   -0.006834 (VIOLATED)
_17854_/A                               0.750000    0.756720   -0.006720 (VIOLATED)
_24300_/A                               0.750000    0.756718   -0.006718 (VIOLATED)
_19898_/A1                              0.750000    0.756619   -0.006619 (VIOLATED)
_23852_/X                               0.750000    0.756599   -0.006599 (VIOLATED)
_17726_/A0                              0.750000    0.756593   -0.006593 (VIOLATED)
_17141_/A0                              0.750000    0.756575   -0.006575 (VIOLATED)
_23693_/A2                              0.750000    0.756572   -0.006572 (VIOLATED)
_23668_/B                               0.750000    0.756558   -0.006558 (VIOLATED)
_23667_/Y                               0.750000    0.756530   -0.006530 (VIOLATED)
_17765_/A1                              0.750000    0.756429   -0.006429 (VIOLATED)
_25772_/A0                              0.750000    0.756257   -0.006257 (VIOLATED)
_15876_/A1                              0.750000    0.756205   -0.006205 (VIOLATED)
_17076_/A0                              0.750000    0.756058   -0.006058 (VIOLATED)
_23271_/A                               0.750000    0.756036   -0.006036 (VIOLATED)
_19360_/A                               0.750000    0.756008   -0.006008 (VIOLATED)
place8435/X                             0.750000    0.755990   -0.005990 (VIOLATED)
_25749_/A1                              0.750000    0.755752   -0.005752 (VIOLATED)
_17172_/A1                              0.750000    0.755586   -0.005586 (VIOLATED)
_17293_/A                               0.750000    0.755368   -0.005368 (VIOLATED)
_17292_/A                               0.750000    0.755367   -0.005367 (VIOLATED)
_17315_/B                               0.750000    0.755366   -0.005366 (VIOLATED)
_17437_/B2                              0.750000    0.755365   -0.005365 (VIOLATED)
_17434_/A1                              0.750000    0.755363   -0.005363 (VIOLATED)
_17435_/B2                              0.750000    0.755358   -0.005358 (VIOLATED)
_14634_/A1                              0.750000    0.755317   -0.005317 (VIOLATED)
_28162_/Q                               0.750000    0.755317   -0.005317 (VIOLATED)
_17846_/A1                              0.750000    0.755178   -0.005178 (VIOLATED)
_17845_/Y                               0.750000    0.755163   -0.005163 (VIOLATED)
_19999_/A0                              0.750000    0.754928   -0.004928 (VIOLATED)
_15177_/A                               0.750000    0.754926   -0.004926 (VIOLATED)
place8472/A                             0.750000    0.754890   -0.004890 (VIOLATED)
_23292_/B                               0.750000    0.754885   -0.004885 (VIOLATED)
_15208_/A1                              0.750000    0.754822   -0.004822 (VIOLATED)
_24330_/B                               0.750000    0.754726   -0.004726 (VIOLATED)
_19665_/A1                              0.750000    0.754718   -0.004718 (VIOLATED)
_19664_/B1_N                            0.750000    0.754718   -0.004718 (VIOLATED)
_19668_/A1                              0.750000    0.754713   -0.004713 (VIOLATED)
_24057_/B2                              0.750000    0.754703   -0.004703 (VIOLATED)
_24065_/B2                              0.750000    0.754702   -0.004702 (VIOLATED)
_24030_/A                               0.750000    0.754700   -0.004700 (VIOLATED)
_26182_/A1                              0.750000    0.754670   -0.004670 (VIOLATED)
_24029_/Y                               0.750000    0.754636   -0.004636 (VIOLATED)
_19326_/A                               0.750000    0.754620   -0.004621 (VIOLATED)
place7051/A                             0.750000    0.754612   -0.004612 (VIOLATED)
ANTENNA_55/DIODE                        0.750000    0.754602   -0.004602 (VIOLATED)
_14184_/A1                              0.750000    0.754587   -0.004587 (VIOLATED)
ANTENNA_54/DIODE                        0.750000    0.754565   -0.004565 (VIOLATED)
_18810_/A1                              0.750000    0.754550   -0.004550 (VIOLATED)
_26700_/A                               0.750000    0.754506   -0.004506 (VIOLATED)
_26696_/A1                              0.750000    0.754496   -0.004496 (VIOLATED)
_26388_/A1                              0.750000    0.754362   -0.004362 (VIOLATED)
_16565_/A0                              0.750000    0.754337   -0.004337 (VIOLATED)
_28525_/Q                               0.750000    0.754290   -0.004290 (VIOLATED)
_26412_/A1                              0.750000    0.754273   -0.004273 (VIOLATED)
_26467_/A2                              0.750000    0.754223   -0.004223 (VIOLATED)
_26689_/Y                               0.750000    0.754210   -0.004210 (VIOLATED)
_24377_/A1                              0.750000    0.754179   -0.004179 (VIOLATED)
ANTENNA_119/DIODE                       0.750000    0.754167   -0.004167 (VIOLATED)
_26378_/A                               0.750000    0.754113   -0.004113 (VIOLATED)
_26379_/A                               0.750000    0.754105   -0.004105 (VIOLATED)
_14653_/A1                              0.750000    0.754006   -0.004006 (VIOLATED)
_15042_/A0                              0.750000    0.753838   -0.003838 (VIOLATED)
_14901_/A1                              0.750000    0.753808   -0.003808 (VIOLATED)
_14983_/A0                              0.750000    0.753792   -0.003792 (VIOLATED)
_25283_/A1                              0.750000    0.753588   -0.003588 (VIOLATED)
_22395_/A                               0.750000    0.753432   -0.003432 (VIOLATED)
_23387_/D                               0.750000    0.753181   -0.003182 (VIOLATED)
place8536/X                             0.750000    0.753146   -0.003146 (VIOLATED)
_26393_/X                               0.750000    0.753043   -0.003043 (VIOLATED)
_14646_/A1                              0.750000    0.752897   -0.002897 (VIOLATED)
_15028_/A0                              0.750000    0.752866   -0.002866 (VIOLATED)
_14976_/A0                              0.750000    0.752844   -0.002844 (VIOLATED)
_23919_/B1                              0.750000    0.752769   -0.002770 (VIOLATED)
_23868_/B                               0.750000    0.752726   -0.002726 (VIOLATED)
_14673_/B                               0.750000    0.752719   -0.002719 (VIOLATED)
_23868_/D                               0.750000    0.752681   -0.002681 (VIOLATED)
_24363_/A1                              0.750000    0.752673   -0.002673 (VIOLATED)
_14852_/A1                              0.750000    0.752633   -0.002633 (VIOLATED)
_26463_/X                               0.750000    0.752571   -0.002571 (VIOLATED)
_23762_/A1                              0.750000    0.752499   -0.002499 (VIOLATED)
_23753_/B1                              0.750000    0.752498   -0.002498 (VIOLATED)
_23847_/X                               0.750000    0.752361   -0.002361 (VIOLATED)
_23866_/X                               0.750000    0.752336   -0.002336 (VIOLATED)
_23956_/B                               0.750000    0.752324   -0.002324 (VIOLATED)
_13501_/S                               0.750000    0.752279   -0.002279 (VIOLATED)
_23985_/B                               0.750000    0.752276   -0.002276 (VIOLATED)
_24047_/B                               0.750000    0.752275   -0.002275 (VIOLATED)
_23951_/B                               0.750000    0.752274   -0.002274 (VIOLATED)
_14682_/S                               0.750000    0.752263   -0.002263 (VIOLATED)
_14694_/S                               0.750000    0.752244   -0.002244 (VIOLATED)
place8113/X                             0.750000    0.752179   -0.002179 (VIOLATED)
_13503_/S                               0.750000    0.752107   -0.002107 (VIOLATED)
_13943_/S                               0.750000    0.752082   -0.002083 (VIOLATED)
_13524_/S                               0.750000    0.752079   -0.002079 (VIOLATED)
_13500_/S                               0.750000    0.752050   -0.002050 (VIOLATED)
_13946_/S                               0.750000    0.752047   -0.002047 (VIOLATED)
_13511_/S                               0.750000    0.751926   -0.001926 (VIOLATED)
_13933_/S                               0.750000    0.751923   -0.001923 (VIOLATED)
_13526_/S                               0.750000    0.751913   -0.001913 (VIOLATED)
_13510_/S                               0.750000    0.751880   -0.001880 (VIOLATED)
_13512_/S                               0.750000    0.751823   -0.001823 (VIOLATED)
_21473_/D                               0.750000    0.751808   -0.001808 (VIOLATED)
_13945_/S                               0.750000    0.751802   -0.001802 (VIOLATED)
place8195/A                             0.750000    0.751794   -0.001794 (VIOLATED)
ANTENNA_94/DIODE                        0.750000    0.751794   -0.001794 (VIOLATED)
_25309_/A0                              0.750000    0.751793   -0.001793 (VIOLATED)
_25459_/A1                              0.750000    0.751778   -0.001778 (VIOLATED)
_20858_/X                               0.750000    0.751769   -0.001769 (VIOLATED)
_13600_/S                               0.750000    0.751739   -0.001739 (VIOLATED)
_13960_/S                               0.750000    0.751714   -0.001714 (VIOLATED)
_24609_/A0                              0.750000    0.751681   -0.001681 (VIOLATED)
_13939_/S                               0.750000    0.751614   -0.001614 (VIOLATED)
_13606_/S                               0.750000    0.751612   -0.001612 (VIOLATED)
_13948_/S                               0.750000    0.751587   -0.001587 (VIOLATED)
place7231/A                             0.750000    0.751574   -0.001574 (VIOLATED)
place7230/A                             0.750000    0.751571   -0.001571 (VIOLATED)
_13932_/S                               0.750000    0.751534   -0.001534 (VIOLATED)
place7232/X                             0.750000    0.751523   -0.001523 (VIOLATED)
_13605_/S                               0.750000    0.751514   -0.001514 (VIOLATED)
_13615_/S                               0.750000    0.751423   -0.001423 (VIOLATED)
_25364_/B1                              0.750000    0.751321   -0.001321 (VIOLATED)
_13519_/S                               0.750000    0.751263   -0.001263 (VIOLATED)
_13603_/S                               0.750000    0.751257   -0.001257 (VIOLATED)
_13602_/S                               0.750000    0.751195   -0.001195 (VIOLATED)
place7194/X                             0.750000    0.751172   -0.001172 (VIOLATED)
_13626_/S                               0.750000    0.751135   -0.001135 (VIOLATED)
_25682_/A2                              0.750000    0.750978   -0.000978 (VIOLATED)
_25679_/A2                              0.750000    0.750977   -0.000977 (VIOLATED)
_25680_/B                               0.750000    0.750949   -0.000949 (VIOLATED)
_25263_/A0                              0.750000    0.750894   -0.000894 (VIOLATED)
_25485_/A1                              0.750000    0.750892   -0.000892 (VIOLATED)
_13599_/S                               0.750000    0.750887   -0.000887 (VIOLATED)
_25689_/A2                              0.750000    0.750882   -0.000882 (VIOLATED)
place8498/X                             0.750000    0.750861   -0.000861 (VIOLATED)
_15590_/A2                              0.750000    0.750784   -0.000784 (VIOLATED)
_17696_/A1                              0.750000    0.750771   -0.000771 (VIOLATED)
_13618_/S                               0.750000    0.750765   -0.000765 (VIOLATED)
_19982_/A0                              0.750000    0.750728   -0.000728 (VIOLATED)
ANTENNA_272/DIODE                       0.750000    0.750728   -0.000728 (VIOLATED)
_13611_/S                               0.750000    0.750699   -0.000699 (VIOLATED)
place7183/X                             0.750000    0.750680   -0.000680 (VIOLATED)
_15587_/Y                               0.750000    0.750618   -0.000618 (VIOLATED)
_24065_/A2_N                            0.750000    0.750610   -0.000610 (VIOLATED)
_23966_/B2                              0.750000    0.750609   -0.000609 (VIOLATED)
_14866_/A1                              0.750000    0.750593   -0.000593 (VIOLATED)
_14705_/B                               0.750000    0.750554   -0.000554 (VIOLATED)
_23965_/X                               0.750000    0.750445   -0.000445 (VIOLATED)

max fanout

Pin                                   Limit Fanout  Slack
---------------------------------------------------------
place7038/X                              10     20    -10 (VIOLATED)
place8198/X                              10     17     -7 (VIOLATED)
_25437_/X                                10     16     -6 (VIOLATED)
place8194/X                              10     16     -6 (VIOLATED)
_25656_/X                                10     14     -4 (VIOLATED)
_25880_/X                                10     14     -4 (VIOLATED)
_26436_/Y                                10     14     -4 (VIOLATED)
clkbuf_leaf_142_clk/X                    10     14     -4 (VIOLATED)
clkbuf_leaf_165_clk/X                    10     14     -4 (VIOLATED)
place7485/X                              10     14     -4 (VIOLATED)
clkbuf_leaf_101_clk/X                    10     13     -3 (VIOLATED)
clkbuf_leaf_118_clk/X                    10     13     -3 (VIOLATED)
clkbuf_leaf_119_clk/X                    10     13     -3 (VIOLATED)
clkbuf_leaf_120_clk/X                    10     13     -3 (VIOLATED)
clkbuf_leaf_128_clk/X                    10     13     -3 (VIOLATED)
clkbuf_leaf_134_clk/X                    10     13     -3 (VIOLATED)
clkbuf_leaf_138_clk/X                    10     13     -3 (VIOLATED)
clkbuf_leaf_143_clk/X                    10     13     -3 (VIOLATED)
clkbuf_leaf_146_clk/X                    10     13     -3 (VIOLATED)
clkbuf_leaf_150_clk/X                    10     13     -3 (VIOLATED)
clkbuf_leaf_151_clk/X                    10     13     -3 (VIOLATED)
clkbuf_leaf_160_clk/X                    10     13     -3 (VIOLATED)
clkbuf_leaf_161_clk/X                    10     13     -3 (VIOLATED)
clkbuf_leaf_163_clk/X                    10     13     -3 (VIOLATED)
clkbuf_leaf_166_clk/X                    10     13     -3 (VIOLATED)
clkbuf_leaf_170_clk/X                    10     13     -3 (VIOLATED)
clkbuf_leaf_178_clk/X                    10     13     -3 (VIOLATED)
clkbuf_leaf_180_clk/X                    10     13     -3 (VIOLATED)
clkbuf_leaf_181_clk/X                    10     13     -3 (VIOLATED)
clkbuf_leaf_200_clk/X                    10     13     -3 (VIOLATED)
clkbuf_leaf_202_clk/X                    10     13     -3 (VIOLATED)
clkbuf_leaf_239_clk/X                    10     13     -3 (VIOLATED)
clkbuf_leaf_241_clk/X                    10     13     -3 (VIOLATED)
clkbuf_leaf_243_clk/X                    10     13     -3 (VIOLATED)
clkbuf_leaf_249_clk/X                    10     13     -3 (VIOLATED)
clkbuf_leaf_252_clk/X                    10     13     -3 (VIOLATED)
clkbuf_leaf_253_clk/X                    10     13     -3 (VIOLATED)
clkbuf_leaf_254_clk/X                    10     13     -3 (VIOLATED)
clkbuf_leaf_26_clk/X                     10     13     -3 (VIOLATED)
clkbuf_leaf_273_clk/X                    10     13     -3 (VIOLATED)
clkbuf_leaf_287_clk/X                    10     13     -3 (VIOLATED)
clkbuf_leaf_29_clk/X                     10     13     -3 (VIOLATED)
clkbuf_leaf_311_clk/X                    10     13     -3 (VIOLATED)
clkbuf_leaf_32_clk/X                     10     13     -3 (VIOLATED)
clkbuf_leaf_44_clk/X                     10     13     -3 (VIOLATED)
clkbuf_leaf_49_clk/X                     10     13     -3 (VIOLATED)
clkbuf_leaf_51_clk/X                     10     13     -3 (VIOLATED)
clkbuf_leaf_53_clk/X                     10     13     -3 (VIOLATED)
clkbuf_leaf_86_clk/X                     10     13     -3 (VIOLATED)
clkbuf_leaf_91_clk/X                     10     13     -3 (VIOLATED)
clkbuf_leaf_9_clk/X                      10     13     -3 (VIOLATED)
place8436/X                              10     13     -3 (VIOLATED)
place8483/X                              10     13     -3 (VIOLATED)
_20872_/X                                10     12     -2 (VIOLATED)
_23850_/X                                10     12     -2 (VIOLATED)
_25596_/X                                10     12     -2 (VIOLATED)
_28496_/Q                                10     12     -2 (VIOLATED)
clkbuf_leaf_102_clk/X                    10     12     -2 (VIOLATED)
clkbuf_leaf_103_clk/X                    10     12     -2 (VIOLATED)
clkbuf_leaf_104_clk/X                    10     12     -2 (VIOLATED)
clkbuf_leaf_105_clk/X                    10     12     -2 (VIOLATED)
clkbuf_leaf_106_clk/X                    10     12     -2 (VIOLATED)
clkbuf_leaf_107_clk/X                    10     12     -2 (VIOLATED)
clkbuf_leaf_108_clk/X                    10     12     -2 (VIOLATED)
clkbuf_leaf_109_clk/X                    10     12     -2 (VIOLATED)
clkbuf_leaf_110_clk/X                    10     12     -2 (VIOLATED)
clkbuf_leaf_112_clk/X                    10     12     -2 (VIOLATED)
clkbuf_leaf_113_clk/X                    10     12     -2 (VIOLATED)
clkbuf_leaf_114_clk/X                    10     12     -2 (VIOLATED)
clkbuf_leaf_115_clk/X                    10     12     -2 (VIOLATED)
clkbuf_leaf_116_clk/X                    10     12     -2 (VIOLATED)
clkbuf_leaf_11_clk/X                     10     12     -2 (VIOLATED)
clkbuf_leaf_127_clk/X                    10     12     -2 (VIOLATED)
clkbuf_leaf_129_clk/X                    10     12     -2 (VIOLATED)
clkbuf_leaf_12_clk/X                     10     12     -2 (VIOLATED)
clkbuf_leaf_132_clk/X                    10     12     -2 (VIOLATED)
clkbuf_leaf_133_clk/X                    10     12     -2 (VIOLATED)
clkbuf_leaf_136_clk/X                    10     12     -2 (VIOLATED)
clkbuf_leaf_137_clk/X                    10     12     -2 (VIOLATED)
clkbuf_leaf_139_clk/X                    10     12     -2 (VIOLATED)
clkbuf_leaf_13_clk/X                     10     12     -2 (VIOLATED)
clkbuf_leaf_140_clk/X                    10     12     -2 (VIOLATED)
clkbuf_leaf_141_clk/X                    10     12     -2 (VIOLATED)
clkbuf_leaf_145_clk/X                    10     12     -2 (VIOLATED)
clkbuf_leaf_147_clk/X                    10     12     -2 (VIOLATED)
clkbuf_leaf_148_clk/X                    10     12     -2 (VIOLATED)
clkbuf_leaf_153_clk/X                    10     12     -2 (VIOLATED)
clkbuf_leaf_155_clk/X                    10     12     -2 (VIOLATED)
clkbuf_leaf_15_clk/X                     10     12     -2 (VIOLATED)
clkbuf_leaf_162_clk/X                    10     12     -2 (VIOLATED)
clkbuf_leaf_167_clk/X                    10     12     -2 (VIOLATED)
clkbuf_leaf_168_clk/X                    10     12     -2 (VIOLATED)
clkbuf_leaf_16_clk/X                     10     12     -2 (VIOLATED)
clkbuf_leaf_171_clk/X                    10     12     -2 (VIOLATED)
clkbuf_leaf_172_clk/X                    10     12     -2 (VIOLATED)
clkbuf_leaf_173_clk/X                    10     12     -2 (VIOLATED)
clkbuf_leaf_174_clk/X                    10     12     -2 (VIOLATED)
clkbuf_leaf_176_clk/X                    10     12     -2 (VIOLATED)
clkbuf_leaf_177_clk/X                    10     12     -2 (VIOLATED)
clkbuf_leaf_179_clk/X                    10     12     -2 (VIOLATED)
clkbuf_leaf_182_clk/X                    10     12     -2 (VIOLATED)
clkbuf_leaf_183_clk/X                    10     12     -2 (VIOLATED)
clkbuf_leaf_184_clk/X                    10     12     -2 (VIOLATED)
clkbuf_leaf_185_clk/X                    10     12     -2 (VIOLATED)
clkbuf_leaf_186_clk/X                    10     12     -2 (VIOLATED)
clkbuf_leaf_187_clk/X                    10     12     -2 (VIOLATED)
clkbuf_leaf_189_clk/X                    10     12     -2 (VIOLATED)
clkbuf_leaf_190_clk/X                    10     12     -2 (VIOLATED)
clkbuf_leaf_191_clk/X                    10     12     -2 (VIOLATED)
clkbuf_leaf_194_clk/X                    10     12     -2 (VIOLATED)
clkbuf_leaf_195_clk/X                    10     12     -2 (VIOLATED)
clkbuf_leaf_196_clk/X                    10     12     -2 (VIOLATED)
clkbuf_leaf_199_clk/X                    10     12     -2 (VIOLATED)
clkbuf_leaf_19_clk/X                     10     12     -2 (VIOLATED)
clkbuf_leaf_205_clk/X                    10     12     -2 (VIOLATED)
clkbuf_leaf_206_clk/X                    10     12     -2 (VIOLATED)
clkbuf_leaf_207_clk/X                    10     12     -2 (VIOLATED)
clkbuf_leaf_209_clk/X                    10     12     -2 (VIOLATED)
clkbuf_leaf_20_clk/X                     10     12     -2 (VIOLATED)
clkbuf_leaf_210_clk/X                    10     12     -2 (VIOLATED)
clkbuf_leaf_212_clk/X                    10     12     -2 (VIOLATED)
clkbuf_leaf_213_clk/X                    10     12     -2 (VIOLATED)
clkbuf_leaf_217_clk/X                    10     12     -2 (VIOLATED)
clkbuf_leaf_218_clk/X                    10     12     -2 (VIOLATED)
clkbuf_leaf_219_clk/X                    10     12     -2 (VIOLATED)
clkbuf_leaf_21_clk/X                     10     12     -2 (VIOLATED)
clkbuf_leaf_220_clk/X                    10     12     -2 (VIOLATED)
clkbuf_leaf_221_clk/X                    10     12     -2 (VIOLATED)
clkbuf_leaf_223_clk/X                    10     12     -2 (VIOLATED)
clkbuf_leaf_225_clk/X                    10     12     -2 (VIOLATED)
clkbuf_leaf_226_clk/X                    10     12     -2 (VIOLATED)
clkbuf_leaf_227_clk/X                    10     12     -2 (VIOLATED)
clkbuf_leaf_229_clk/X                    10     12     -2 (VIOLATED)
clkbuf_leaf_22_clk/X                     10     12     -2 (VIOLATED)
clkbuf_leaf_230_clk/X                    10     12     -2 (VIOLATED)
clkbuf_leaf_231_clk/X                    10     12     -2 (VIOLATED)
clkbuf_leaf_232_clk/X                    10     12     -2 (VIOLATED)
clkbuf_leaf_234_clk/X                    10     12     -2 (VIOLATED)
clkbuf_leaf_235_clk/X                    10     12     -2 (VIOLATED)
clkbuf_leaf_236_clk/X                    10     12     -2 (VIOLATED)
clkbuf_leaf_237_clk/X                    10     12     -2 (VIOLATED)
clkbuf_leaf_238_clk/X                    10     12     -2 (VIOLATED)
clkbuf_leaf_240_clk/X                    10     12     -2 (VIOLATED)
clkbuf_leaf_24_clk/X                     10     12     -2 (VIOLATED)
clkbuf_leaf_257_clk/X                    10     12     -2 (VIOLATED)
clkbuf_leaf_258_clk/X                    10     12     -2 (VIOLATED)
clkbuf_leaf_259_clk/X                    10     12     -2 (VIOLATED)
clkbuf_leaf_25_clk/X                     10     12     -2 (VIOLATED)
clkbuf_leaf_260_clk/X                    10     12     -2 (VIOLATED)
clkbuf_leaf_261_clk/X                    10     12     -2 (VIOLATED)
clkbuf_leaf_263_clk/X                    10     12     -2 (VIOLATED)
clkbuf_leaf_264_clk/X                    10     12     -2 (VIOLATED)
clkbuf_leaf_265_clk/X                    10     12     -2 (VIOLATED)
clkbuf_leaf_266_clk/X                    10     12     -2 (VIOLATED)
clkbuf_leaf_267_clk/X                    10     12     -2 (VIOLATED)
clkbuf_leaf_27_clk/X                     10     12     -2 (VIOLATED)
clkbuf_leaf_284_clk/X                    10     12     -2 (VIOLATED)
clkbuf_leaf_285_clk/X                    10     12     -2 (VIOLATED)
clkbuf_leaf_288_clk/X                    10     12     -2 (VIOLATED)
clkbuf_leaf_28_clk/X                     10     12     -2 (VIOLATED)
clkbuf_leaf_290_clk/X                    10     12     -2 (VIOLATED)
clkbuf_leaf_291_clk/X                    10     12     -2 (VIOLATED)
clkbuf_leaf_292_clk/X                    10     12     -2 (VIOLATED)
clkbuf_leaf_294_clk/X                    10     12     -2 (VIOLATED)
clkbuf_leaf_295_clk/X                    10     12     -2 (VIOLATED)
clkbuf_leaf_296_clk/X                    10     12     -2 (VIOLATED)
clkbuf_leaf_299_clk/X                    10     12     -2 (VIOLATED)
clkbuf_leaf_300_clk/X                    10     12     -2 (VIOLATED)
clkbuf_leaf_302_clk/X                    10     12     -2 (VIOLATED)
clkbuf_leaf_303_clk/X                    10     12     -2 (VIOLATED)
clkbuf_leaf_30_clk/X                     10     12     -2 (VIOLATED)
clkbuf_leaf_312_clk/X                    10     12     -2 (VIOLATED)
clkbuf_leaf_313_clk/X                    10     12     -2 (VIOLATED)
clkbuf_leaf_314_clk/X                    10     12     -2 (VIOLATED)
clkbuf_leaf_316_clk/X                    10     12     -2 (VIOLATED)
clkbuf_leaf_317_clk/X                    10     12     -2 (VIOLATED)
clkbuf_leaf_33_clk/X                     10     12     -2 (VIOLATED)
clkbuf_leaf_37_clk/X                     10     12     -2 (VIOLATED)
clkbuf_leaf_38_clk/X                     10     12     -2 (VIOLATED)
clkbuf_leaf_40_clk/X                     10     12     -2 (VIOLATED)
clkbuf_leaf_41_clk/X                     10     12     -2 (VIOLATED)
clkbuf_leaf_42_clk/X                     10     12     -2 (VIOLATED)
clkbuf_leaf_43_clk/X                     10     12     -2 (VIOLATED)
clkbuf_leaf_45_clk/X                     10     12     -2 (VIOLATED)
clkbuf_leaf_46_clk/X                     10     12     -2 (VIOLATED)
clkbuf_leaf_47_clk/X                     10     12     -2 (VIOLATED)
clkbuf_leaf_50_clk/X                     10     12     -2 (VIOLATED)
clkbuf_leaf_59_clk/X                     10     12     -2 (VIOLATED)
clkbuf_leaf_5_clk/X                      10     12     -2 (VIOLATED)
clkbuf_leaf_60_clk/X                     10     12     -2 (VIOLATED)
clkbuf_leaf_67_clk/X                     10     12     -2 (VIOLATED)
clkbuf_leaf_68_clk/X                     10     12     -2 (VIOLATED)
clkbuf_leaf_69_clk/X                     10     12     -2 (VIOLATED)
clkbuf_leaf_70_clk/X                     10     12     -2 (VIOLATED)
clkbuf_leaf_71_clk/X                     10     12     -2 (VIOLATED)
clkbuf_leaf_75_clk/X                     10     12     -2 (VIOLATED)
clkbuf_leaf_77_clk/X                     10     12     -2 (VIOLATED)
clkbuf_leaf_78_clk/X                     10     12     -2 (VIOLATED)
clkbuf_leaf_79_clk/X                     10     12     -2 (VIOLATED)
clkbuf_leaf_7_clk/X                      10     12     -2 (VIOLATED)
clkbuf_leaf_80_clk/X                     10     12     -2 (VIOLATED)
clkbuf_leaf_81_clk/X                     10     12     -2 (VIOLATED)
clkbuf_leaf_87_clk/X                     10     12     -2 (VIOLATED)
clkbuf_leaf_89_clk/X                     10     12     -2 (VIOLATED)
clkbuf_leaf_90_clk/X                     10     12     -2 (VIOLATED)
clkbuf_leaf_95_clk/X                     10     12     -2 (VIOLATED)
clkbuf_leaf_96_clk/X                     10     12     -2 (VIOLATED)
clkbuf_leaf_98_clk/X                     10     12     -2 (VIOLATED)
place7279/X                              10     12     -2 (VIOLATED)
place7662/X                              10     12     -2 (VIOLATED)
place8193/X                              10     12     -2 (VIOLATED)
place8412/X                              10     12     -2 (VIOLATED)
place8417/X                              10     12     -2 (VIOLATED)
place8527/X                              10     12     -2 (VIOLATED)
wire8949/X                               10     12     -2 (VIOLATED)
_23852_/X                                10     11        (VIOLATED)
_23859_/X                                10     11        (VIOLATED)
_24573_/X                                10     11        (VIOLATED)
_24820_/X                                10     11        (VIOLATED)
_28180_/Q                                10     11        (VIOLATED)
_28521_/Q                                10     11        (VIOLATED)
_28523_/Q                                10     11        (VIOLATED)
_28528_/Q                                10     11        (VIOLATED)
_28569_/Q                                10     11        (VIOLATED)
clkbuf_leaf_123_clk/X                    10     11        (VIOLATED)
clkbuf_leaf_124_clk/X                    10     11        (VIOLATED)
clkbuf_leaf_125_clk/X                    10     11        (VIOLATED)
clkbuf_leaf_158_clk/X                    10     11        (VIOLATED)
clkbuf_leaf_159_clk/X                    10     11        (VIOLATED)
clkbuf_leaf_280_clk/X                    10     11        (VIOLATED)
clkbuf_leaf_309_clk/X                    10     11        (VIOLATED)
clkbuf_leaf_321_clk/X                    10     11        (VIOLATED)
clkbuf_leaf_326_clk/X                    10     11        (VIOLATED)
clkbuf_leaf_329_clk/X                    10     11        (VIOLATED)
clkbuf_leaf_3_clk/X                      10     11        (VIOLATED)
clkbuf_leaf_56_clk/X                     10     11        (VIOLATED)
clkbuf_leaf_73_clk/X                     10     11        (VIOLATED)
clkbuf_leaf_92_clk/X                     10     11        (VIOLATED)
place8420/X                              10     11        (VIOLATED)
place8425/X                              10     11        (VIOLATED)
place8532/X                              10     11        (VIOLATED)
place8539/X                              10     11        (VIOLATED)
place8590/X                              10     11        (VIOLATED)
place8599/X                              10     11        (VIOLATED)

max capacitance

Pin                                        Limit         Cap       Slack
------------------------------------------------------------------------
_26497_/X                               0.200000    0.382075   -0.182075 (VIOLATED)
_25583_/Y                               0.086070    0.247637   -0.161567 (VIOLATED)
_26205_/X                               0.195017    0.355380   -0.160363 (VIOLATED)
_22420_/Y                               0.200000    0.264333   -0.064333 (VIOLATED)
_25685_/Y                               0.086070    0.143713   -0.057643 (VIOLATED)
_26547_/X                               0.190440    0.245642   -0.055202 (VIOLATED)
clkbuf_0_clk/X                          0.200000    0.209550   -0.009550 (VIOLATED)



===========================================================================
report_parasitic_annotation -report_unannotated
============================================================================
Found 223 unannotated drivers.
 ena
 ui_in[0]
 ui_in[1]
 ui_in[2]
 ui_in[4]
 ui_in[5]
 ui_in[6]
 ui_in[7]
 uio_in[6]
 uio_in[7]
 clkload0/X
 clkload1/X
 clkload10/X
 clkload100/X
 clkload101/X
 clkload102/X
 clkload103/X
 clkload104/X
 clkload105/X
 clkload106/X
 clkload107/X
 clkload108/Y
 clkload109/X
 clkload11/X
 clkload110/Y
 clkload111/X
 clkload112/X
 clkload113/X
 clkload114/X
 clkload115/X
 clkload116/X
 clkload117/X
 clkload118/X
 clkload119/Y
 clkload12/X
 clkload120/X
 clkload121/X
 clkload122/X
 clkload123/X
 clkload124/X
 clkload125/X
 clkload126/X
 clkload127/X
 clkload128/X
 clkload129/X
 clkload13/X
 clkload130/X
 clkload131/Y
 clkload132/Y
 clkload133/Y
 clkload134/Y
 clkload135/X
 clkload136/X
 clkload137/X
 clkload138/Y
 clkload139/Y
 clkload14/X
 clkload140/Y
 clkload141/X
 clkload142/X
 clkload143/X
 clkload144/X
 clkload145/X
 clkload146/Y
 clkload147/Y
 clkload148/X
 clkload149/X
 clkload15/X
 clkload150/X
 clkload151/X
 clkload152/X
 clkload153/X
 clkload154/Y
 clkload155/Y
 clkload156/X
 clkload157/X
 clkload158/Y
 clkload159/X
 clkload16/X
 clkload160/Y
 clkload161/Y
 clkload162/Y
 clkload163/X
 clkload164/X
 clkload165/X
 clkload166/X
 clkload167/X
 clkload168/X
 clkload169/X
 clkload17/X
 clkload170/Y
 clkload171/X
 clkload172/X
 clkload173/X
 clkload174/X
 clkload175/X
 clkload176/X
 clkload177/X
 clkload178/Y
 clkload179/X
 clkload18/X
 clkload180/X
 clkload181/X
 clkload182/X
 clkload183/Y
 clkload184/X
 clkload185/X
 clkload186/X
 clkload187/X
 clkload188/X
 clkload189/X
 clkload19/X
 clkload190/X
 clkload191/X
 clkload192/X
 clkload193/Y
 clkload194/X
 clkload195/X
 clkload196/X
 clkload197/X
 clkload198/X
 clkload199/X
 clkload2/X
 clkload20/X
 clkload200/Y
 clkload201/X
 clkload202/X
 clkload203/X
 clkload204/X
 clkload205/X
 clkload206/X
 clkload21/X
 clkload22/X
 clkload23/X
 clkload24/X
 clkload25/X
 clkload26/X
 clkload27/X
 clkload28/X
 clkload29/X
 clkload3/X
 clkload30/X
 clkload31/X
 clkload32/X
 clkload33/X
 clkload34/X
 clkload35/X
 clkload36/X
 clkload37/X
 clkload38/X
 clkload39/X
 clkload4/X
 clkload40/X
 clkload41/X
 clkload42/X
 clkload43/X
 clkload44/X
 clkload45/X
 clkload46/X
 clkload47/X
 clkload48/X
 clkload49/X
 clkload5/X
 clkload50/X
 clkload51/X
 clkload52/X
 clkload53/X
 clkload54/X
 clkload55/X
 clkload56/X
 clkload57/Y
 clkload58/X
 clkload59/Y
 clkload6/X
 clkload60/Y
 clkload61/Y
 clkload62/X
 clkload63/X
 clkload64/X
 clkload65/X
 clkload66/X
 clkload67/X
 clkload68/X
 clkload69/X
 clkload7/X
 clkload70/X
 clkload71/X
 clkload72/X
 clkload73/X
 clkload74/X
 clkload75/X
 clkload76/X
 clkload77/X
 clkload78/X
 clkload79/X
 clkload8/X
 clkload80/X
 clkload81/X
 clkload82/X
 clkload83/X
 clkload84/X
 clkload85/X
 clkload86/X
 clkload87/Y
 clkload88/X
 clkload89/X
 clkload9/X
 clkload90/Y
 clkload91/X
 clkload92/X
 clkload93/X
 clkload94/X
 clkload95/X
 clkload96/X
 clkload97/X
 clkload98/X
 clkload99/X
 tt_um_rv32_linux_soc/HI
 tt_um_rv32_linux_soc_8951/HI
 tt_um_rv32_linux_soc_8952/HI
 tt_um_rv32_linux_soc_8953/HI
 tt_um_rv32_linux_soc_8954/LO
 tt_um_rv32_linux_soc_8955/LO
Found 0 partially unannotated drivers.

===========================================================================
max slew violation count 3328
max fanout violation count 244
max cap violation count 7
============================================================================

===========================================================================
check_setup -verbose -unconstrained_endpoints -multiple_clock -no_clock -no_input_delay -loops -generated_clocks
===========================================================================
